order_id,order_date,customer_id,customer_email,segment,customer_age,region,category,sku,channel,quantity,unit_price,discount,revenue,cost,profit,status,delivery_days,rating
ORD-10515,2025-06-10,CUST-0077,cust47@example.com,Enterprise,20,West,Grocery,SKU-116,Retail,4,237.26,0,949.04,659.52,289.52,completed,5,2.6
ORD-10199,2025-12-25,CUST-0256,cust187@example.com,Enterprise,32,East,Electronics,SKU-567,Retail,6,770.47,0.15,3929.4,2973.22,956.18,completed,5,4
ORD-10355,2025-06-08,CUST-0269,cust179@example.com,SMB,54,East,Home,SKU-211,Wholesale,10,338.35,0.25,2537.62,1567.73,969.89,completed,6,4.7
ORD-10718,2025-01-28,CUST-0307,cust288@example.com,Enterprise,63,West,Home,SKU-670,Wholesale,2,628.29,0,1256.58,592.83,663.75,pending,5,
ORD-10167,2025-07-23,CUST-0044,cust55@example.com,Consumer,54,Central,Beauty,SKU-696,Online,2,813.45,0,1626.9,943.29,683.61,cancelled,2,3.6
ORD-10733,2025-05-11,CUST-0351,,Enterprise,29,North,Books,SKU-647,Retail,4,783.74,0.2,2507.97,1808.97,699,refunded,4,3.8
ORD-10507,2025-12-16,CUST-0030,cust386@example.com,Consumer,66,East,Books,SKU-945,Online,6,63.44,0.25,285.48,201.31,84.17,completed,3,3.1
ORD-10742,2025-01-15,CUST-0171,cust378@example.com,Enterprise,52,North,Electronics,SKU-975,Online,4,591.83,0,2367.32,1454.85,912.47,pending,5,3.2
ORD-10521,2025-08-07,CUST-0381,cust379@example.com,Enterprise,18,South,Beauty,SKU-858,Marketplace,2,575.69,0,1151.38,857.51,293.87,completed,6,4.8
ORD-10693,2025-05-28,CUST-0389,cust345@example.com,Enterprise,68,West,Electronics,SKU-152,Online,11,164.34,0.15,1536.58,1022.46,514.12,refunded,6,2.6
ORD-10660,2025-05-21,CUST-0224,cust89@example.com,Consumer,41,West,Beauty,SKU-941,Online,9,320.28,0.1,2594.27,1557.31,1036.96,cancelled,5,4.1
ORD-10600,2025-08-04,CUST-0325,,Consumer,32,Central,Books,SKU-144,Online,8,553.07,0.05,4203.33,2164.43,2038.9,refunded,6,4.7
ORD-10426,2025-05-18,CUST-0049,cust218@example.com,SMB,69,Central,Sports,SKU-880,Online,6,212.42,0.1,1147.07,625.4,521.67,completed,3,2.9
ORD-10541,2025-06-14,CUST-0151,cust219@example.com,Consumer,34,South,Beauty,SKU-998,Online,8,646.37,0.2,4136.77,2140.56,1996.21,refunded,4,4.1
ORD-10178,2025-07-23,CUST-0088,cust133@example.com,Enterprise,40,North,Apparel,SKU-412,Wholesale,5,566.88,0,2834.4,2042.5,791.9,completed,4,2.8
ORD-10050,2025-06-21,CUST-0197,cust327@example.com,Enterprise,48,South,Home,SKU-448,Retail,6,534.41,0.25,2404.85,1522.94,881.91,cancelled,4,2.5
ORD-10704,2025-04-01,CUST-0391,cust212@example.com,SMB,31,South,Apparel,SKU-778,Retail,6,443.25,0.25,1994.62,1235.43,759.19,completed,4,4.6
ORD-10797,2025-05-08,CUST-0066,cust31@example.com,Enterprise,28,North,Grocery,SKU-935,Wholesale,11,193.37,0.25,1595.3,1241.13,354.17,completed,3,4.3
ORD-10671,2025-02-19,CUST-0182,cust105@example.com,Consumer,37,Central,Electronics,SKU-631,Wholesale,11,673.05,0,7403.55,4735.3,2668.25,pending,3,5
ORD-10632,2025-02-20,CUST-0044,cust222@example.com,Enterprise,55,North,Apparel,SKU-713,Marketplace,8,790.67,0.05,6009.09,4443.85,1565.24,completed,2,4.3
ORD-10176,2025-03-19,CUST-0255,cust75@example.com,Enterprise,36,South,Books,SKU-426,Marketplace,3,668.29,0.15,1704.14,1219.2,484.94,completed,5,4.6
ORD-10380,2025-10-10,CUST-0049,cust230@example.com,SMB,68,East,Beauty,SKU-992,Retail,9,120.11,0.05,1026.94,491.09,535.85,cancelled,3,4.3
ORD-10441,2025-09-16,CUST-0400,cust243@example.com,SMB,50,Central,Grocery,SKU-794,Retail,4,816.68,0.05,3103.38,2049.65,1053.73,completed,5,3.5
ORD-10625,2025-05-12,CUST-0348,cust340@example.com,SMB,32,South,Books,SKU-660,Wholesale,8,181.13,0.2,1159.23,808.24,350.99,pending,6,4.2
ORD-10627,2025-01-04,CUST-0392,cust189@example.com,Enterprise,70,West,Books,SKU-514,Retail,4,229.21,0.25,687.63,362.06,325.57,completed,6,3.1
ORD-10368,2025-02-13,CUST-0202,cust325@example.com,Consumer,50,North,Grocery,SKU-868,Marketplace,2,761.88,0.25,1142.82,886.5,256.32,completed,2,4.5
ORD-10330,2025-10-04,CUST-0287,cust55@example.com,Consumer,34,East,Apparel,SKU-699,Marketplace,2,768.14,0,1536.28,1097.88,438.4,cancelled,2,3.6
ORD-10524,2025-12-02,CUST-0261,cust54@example.com,Enterprise,35,North,Electronics,SKU-187,Online,12,348.05,0.25,3132.45,1955.22,1177.23,pending,3,4
ORD-10526,2025-07-14,CUST-0016,cust42@example.com,SMB,45,North,Grocery,SKU-358,Online,3,28.62,0.25,64.4,39.73,24.67,completed,2,3.8
ORD-10028,2025-01-13,CUST-0348,cust347@example.com,Consumer,49,North,Grocery,SKU-367,Online,6,44.62,0.2,214.18,99.38,114.8,completed,5,2.9
ORD-10694,2025-06-28,CUST-0140,cust102@example.com,SMB,43,Central,Grocery,SKU-957,Online,1,250.82,0,250.82,119.71,131.11,completed,3,4
ORD-10719,2025-05-03,CUST-0284,cust52@example.com,SMB,54,South,Grocery,SKU-698,Online,4,105,0.25,315,193.44,121.56,completed,2,3
ORD-10691,2025-10-25,CUST-0181,cust132@example.com,Consumer,51,North,Sports,SKU-877,Retail,9,787.74,0.05,6735.18,4009.32,2725.86,cancelled,4,4.7
ORD-10213,2025-09-29,CUST-0174,cust6@example.com,Consumer,23,West,Home,SKU-229,Retail,9,96.51,0.1,781.73,495.95,285.78,pending,6,4.4
ORD-10549,2025-08-09,CUST-0319,cust51@example.com,Enterprise,46,Central,Sports,SKU-918,Online,11,203.27,0.1,2012.37,1055.04,957.33,completed,6,4.8
ORD-10532,2025-08-16,CUST-0170,cust244@example.com,SMB,45,South,Grocery,SKU-818,Online,10,35.78,0.25,268.35,152.76,115.59,completed,3,4.5
ORD-10351,2025-12-04,CUST-0224,cust17@example.com,SMB,44,North,Sports,SKU-888,Retail,1,653.65,0,653.65,388.53,265.12,completed,5,
ORD-10612,2025-11-27,CUST-0363,cust294@example.com,Enterprise,51,West,Beauty,SKU-949,Marketplace,1,369.73,0.1,332.76,226.5,106.26,cancelled,2,3.9
ORD-10760,2025-05-07,CUST-0011,,Consumer,18,North,Beauty,SKU-831,Wholesale,2,860.71,0,1721.42,899.55,821.87,completed,3,2.5
ORD-10435,2025-03-28,CUST-0158,cust109@example.com,Consumer,57,Central,Sports,SKU-639,Wholesale,4,739.58,0.05,2810.4,2058.21,752.19,completed,6,4.3
ORD-10649,2025-02-06,CUST-0192,cust133@example.com,SMB,71,West,Grocery,SKU-791,Marketplace,6,202.26,0,1213.56,939.27,274.29,completed,2,2.9
ORD-10300,2025-12-07,CUST-0146,cust234@example.com,Consumer,33,Central,Apparel,SKU-957,Wholesale,11,18.74,0,206.14,127.71,78.43,completed,5,4.1
ORD-10522,2025-06-09,CUST-0394,,Enterprise,18,West,Apparel,SKU-890,Online,4,407.89,0.25,1223.67,730.72,492.95,completed,2,3.9
ORD-10779,2025-05-08,CUST-0182,cust379@example.com,SMB,64,West,Beauty,SKU-683,Marketplace,10,814.58,0,8145.8,5566.46,2579.34,completed,3,4.7
ORD-10285,2025-06-05,CUST-0052,cust324@example.com,SMB,28,North,Beauty,SKU-402,Retail,2,66.68,0,133.36,71.76,61.6,cancelled,5,3.9
ORD-10177,2025-10-21,CUST-0067,cust392@example.com,SMB,46,South,Home,SKU-308,Marketplace,2,39.45,0,78.9,38.31,40.59,refunded,6,3.6
ORD-10548,2025-11-15,CUST-0137,cust355@example.com,Consumer,37,Central,Sports,SKU-346,Wholesale,11,914.32,0.05,98609.2,6061.49,3493.15,completed,6,4.3
ORD-10140,2025-02-04,CUST-0150,cust208@example.com,Enterprise,51,Central,Books,SKU-688,Online,6,181,0,1086,702.94,383.06,completed,5,
ORD-10180,2025-01-04,CUST-0174,cust136@example.com,SMB,,North,Sports,SKU-128,Marketplace,1,522.91,0.1,470.62,259.04,211.58,cancelled,4,4.3
ORD-10620,2025-10-31,CUST-0097,cust378@example.com,Consumer,66,East,Sports,SKU-399,Marketplace,1,423.66,0.15,360.11,190.71,169.4,completed,3,4.1
ORD-10011,2025-08-31,CUST-0187,cust323@example.com,Enterprise,22,Central,Apparel,SKU-628,Online,3,269.41,0,808.23,586.04,222.19,pending,4,4.1
ORD-10544,2025-05-18,CUST-0184,cust86@example.com,SMB,36,East,Apparel,SKU-747,Marketplace,1,551.29,0.05,523.73,335.93,187.8,cancelled,2,4.2
ORD-10739,2025-03-05,CUST-0135,cust123@example.com,SMB,53,Central,Sports,SKU-119,Wholesale,2,227.51,0.15,386.77,274.26,112.51,completed,2,2.7
ORD-10238,2025-08-14,CUST-0186,,Consumer,26,East,Electronics,SKU-964,Online,12,804.25,0,9651,6278.46,3372.54,completed,4,3.7
ORD-10468,2025-11-04,CUST-0006,cust217@example.com,Enterprise,47,Central,Books,SKU-508,Online,2,15.07,0,30.14,22.08,8.06,cancelled,3,4.2
ORD-10119,2025-10-22,CUST-0272,cust50@example.com,Enterprise,23,North,Beauty,SKU-474,Marketplace,12,264.61,0.2,2540.26,1821.12,719.14,cancelled,3,3.2
ORD-10012,2025-07-02,CUST-0021,cust212@example.com,Consumer,57,South,Home,SKU-254,Retail,9,113.04,0.2,813.89,459.68,354.21,completed,3,3.8
ORD-10089,2025-06-03,CUST-0220,cust354@example.com,SMB,23,East,Books,SKU-786,Retail,5,206.94,0,1034.7,505.29,529.41,pending,5,3.2
ORD-10175,2025-08-18,CUST-0053,cust399@example.com,Enterprise,23,North,Apparel,SKU-829,Retail,1,11.51,0.1,10.36,6.98,3.38,pending,5,4.8
ORD-10429,2025-10-29,CUST-0346,cust132@example.com,Consumer,33,North,Home,SKU-162,Wholesale,4,765.3,0,3061.2,2381.61,679.59,completed,6,4.6
ORD-10158,2025-05-15,CUST-0301,cust81@example.com,SMB,68,East,Sports,SKU-428,Marketplace,7,648.14,0.2,3629.58,2064.01,1565.57,cancelled,2,3.2
ORD-10401,2025-08-30,CUST-0135,cust49@example.com,Consumer,67,West,Home,SKU-481,Wholesale,1,511.38,0.2,409.1,291.96,117.14,refunded,3,4.1
ORD-10081,2025-06-07,CUST-0248,cust56@example.com,Consumer,50,Central,Electronics,SKU-946,Online,11,753.02,0,8283.22,5988.67,2294.55,completed,6,3.1
ORD-10124,2025-03-10,CUST-0341,cust393@example.com,Consumer,70,Central,Grocery,SKU-526,Wholesale,9,871.63,0.15,6667.97,3683.78,2984.19,completed,5,2.5
ORD-10247,2025-06-07,CUST-0264,cust128@example.com,SMB,30,West,Grocery,SKU-823,Retail,12,209.21,0.2,2008.42,1199.19,809.23,refunded,2,3.2
ORD-10513,2025-06-17,CUST-0365,cust113@example.com,SMB,36,North,Electronics,SKU-949,Online,2,682.43,0,1364.86,1051.48,313.38,completed,5,2.7
ORD-10591,2025-03-24,CUST-0362,cust36@example.com,Enterprise,61,Central,Home,SKU-256,Marketplace,3,463.58,0,1390.74,776.11,614.63,completed,5,3.7
ORD-10289,2025-04-25,CUST-0367,cust386@example.com,Enterprise,62,South,Books,SKU-218,Wholesale,2,802.14,0.1,1443.85,953.25,490.6,cancelled,3,4.5
ORD-10736,2025-10-18,CUST-0370,cust301@example.com,Consumer,66,East,Home,SKU-733,Marketplace,6,751.25,0.15,3831.38,2638.96,1192.42,completed,6,2.8
ORD-10150,2025-06-03,CUST-0108,cust248@example.com,Consumer,41,Central,Electronics,SKU-434,Marketplace,1,712.74,0.2,570.19,427.76,142.43,completed,3,3.9
ORD-10581,2025-10-26,CUST-0091,cust204@example.com,Consumer,52,South,Electronics,SKU-490,Marketplace,9,886.76,0.1,7182.76,4765.88,2416.88,refunded,5,4.3
ORD-10182,2025-08-03,CUST-0235,cust231@example.com,Consumer,19,East,Beauty,SKU-661,Online,11,461.44,0.05,4822.05,2525.59,2296.46,pending,2,4.7
ORD-10362,2025-02-23,CUST-0065,cust228@example.com,Consumer,24,South,Sports,SKU-570,Marketplace,12,437.97,0.2,4204.51,2887,1317.51,completed,6,4.2
ORD-10723,2025-06-03,CUST-0023,cust55@example.com,Enterprise,64,East,Beauty,SKU-115,Online,6,556.96,0,3341.76,2481.88,859.88,refunded,4,3
ORD-10192,2025-10-24,CUST-0283,cust234@example.com,SMB,59,South,Beauty,SKU-570,Marketplace,2,205.91,0.15,350.05,214.25,135.8,completed,3,3
ORD-10374,2025-04-04,CUST-0306,cust241@example.com,Consumer,66,Central,Beauty,SKU-441,Retail,6,66.35,0,398.1,260.98,137.12,pending,5,2.7
ORD-10174,2025-05-19,CUST-0276,cust94@example.com,Enterprise,66,Central,Grocery,SKU-143,Marketplace,11,932.77,0.1,9234.42,4235.4,4999.02,refunded,2,4.8
ORD-10208,2025-04-23,CUST-0107,cust45@example.com,SMB,34,North,Home,SKU-603,Retail,9,666.53,0.15,5098.95,3861.81,1237.14,completed,5,
ORD-10749,2025-08-02,CUST-0207,cust307@example.com,SMB,72,Central,Books,SKU-500,Wholesale,9,438.56,0,3947.04,1906.69,2040.35,refunded,2,
ORD-10282,2025-03-14,CUST-0095,cust146@example.com,SMB,29,East,Home,SKU-920,Retail,6,792.34,0,4754.04,2270.93,2483.11,completed,6,4.5
ORD-10029,2025-01-29,CUST-0195,cust204@example.com,SMB,41,North,Grocery,SKU-362,Wholesale,2,242.82,0,485.64,322.53,163.11,completed,2,4.1
ORD-10206,2025-06-29,CUST-0219,cust264@example.com,Enterprise,46,Central,Home,SKU-172,Marketplace,6,381.03,0.2,1828.94,1162.23,666.71,completed,6,2.9
ORD-10653,2025-10-24,CUST-0290,cust385@example.com,Consumer,47,South,Books,SKU-987,Online,9,947.01,0.15,7244.63,4730.07,2514.56,refunded,2,3.1
ORD-10265,2025-12-16,CUST-0281,cust222@example.com,SMB,69,East,Grocery,SKU-340,Marketplace,3,145.25,0,435.75,264.55,171.2,completed,6,
ORD-10024,2025-03-29,CUST-0249,cust314@example.com,SMB,42,East,Books,SKU-508,Wholesale,5,790.63,0.2,3162.52,1480.33,1682.19,completed,6,4.6
ORD-10424,2025-02-14,CUST-0144,cust289@example.com,Enterprise,22,South,Electronics,SKU-152,Marketplace,6,645.4,0.05,3678.78,1871.46,1807.32,completed,5,3.8
ORD-10527,2025-04-30,CUST-0040,cust153@example.com,Consumer,38,West,Books,SKU-195,Wholesale,6,680.1,0.1,3672.54,1776.86,1895.68,completed,2,3.3
ORD-10349,2025-11-05,CUST-0396,cust130@example.com,SMB,24,North,Books,SKU-198,Retail,3,416.74,0.15,1062.69,587.76,474.93,completed,3,2.8
ORD-10346,2025-09-06,CUST-0027,cust341@example.com,Consumer,62,Central,Sports,SKU-881,Marketplace,8,281.05,0.1,2023.56,1143.68,879.88,completed,2,3.9
ORD-10190,2025-12-16,CUST-0254,cust155@example.com,Enterprise,52,North,Apparel,SKU-461,Wholesale,10,893.75,0,8937.5,6954.26,1983.24,completed,3,3.9
ORD-10432,2025-08-21,CUST-0060,cust180@example.com,SMB,35,East,Books,SKU-236,Marketplace,8,273.97,0.25,1643.82,1200.37,443.45,completed,5,3.5
ORD-10038,2025-12-24,CUST-0285,cust228@example.com,Enterprise,66,South,Grocery,SKU-310,Marketplace,4,350.31,0,1401.24,1034.17,367.07,completed,6,3.8
ORD-10219,2025-05-24,CUST-0168,cust23@example.com,Consumer,51,East,Sports,SKU-821,Wholesale,7,767.13,0.2,4295.93,3322.69,973.24,completed,3,3
ORD-10322,2025-09-03,CUST-0067,cust232@example.com,Enterprise,65,Central,Grocery,SKU-631,Wholesale,10,485.52,0.05,4612.44,2149.04,2463.4,cancelled,4,3.4
ORD-10699,2025-04-02,CUST-0016,cust369@example.com,Enterprise,60,North,Beauty,SKU-680,Marketplace,5,495.38,0,2476.9,1410.66,1066.24,completed,6,3.8
ORD-10408,2025-07-21,CUST-0112,cust134@example.com,Enterprise,67,South,Beauty,SKU-221,Online,7,840.27,0.25,4411.42,3295.28,1116.14,completed,4,4.1
ORD-10397,2025-09-22,CUST-0185,cust254@example.com,Consumer,26,East,Beauty,SKU-314,Retail,4,466.63,0,1866.52,1227.96,638.56,completed,5,3.6
ORD-10626,2025-08-25,CUST-0292,cust141@example.com,Enterprise,72,South,Electronics,SKU-999,Marketplace,9,814.5,0.15,6230.92,3582.58,2648.34,completed,5,3.5
ORD-10198,2025-12-20,CUST-0322,cust30@example.com,Consumer,19,Central,Electronics,SKU-237,Retail,3,141.21,0.15,360.09,218.96,141.13,refunded,4,
ORD-10639,2025-12-23,CUST-0194,cust69@example.com,SMB,37,North,Grocery,SKU-380,Online,1,239.09,0.25,179.32,126.83,52.49,cancelled,2,3.6
ORD-10164,2025-07-04,CUST-0317,cust398@example.com,Consumer,62,South,Beauty,SKU-449,Online,5,40.96,0.15,174.08,86.98,87.1,completed,4,3.8
ORD-10324,2025-07-27,CUST-0285,cust4@example.com,Consumer,21,Central,Grocery,SKU-658,Retail,3,104.19,0,312.57,220.15,92.42,completed,3,4.3
ORD-10583,2025-02-01,CUST-0346,cust141@example.com,Enterprise,18,East,Apparel,SKU-116,Retail,8,766.65,0.15,5213.22,3977.67,1235.55,refunded,6,3.8
ORD-10319,2025-08-28,CUST-0352,,SMB,23,Central,Books,SKU-442,Wholesale,2,915.58,0,30742.2,1344.15,487.01,refunded,4,3.2
ORD-10246,2025-07-02,CUST-0091,cust116@example.com,Consumer,45,North,Grocery,SKU-353,Wholesale,1,840.9,0.15,714.76,418.02,296.74,completed,3,
ORD-10059,2025-12-21,CUST-0153,cust197@example.com,SMB,70,South,Home,SKU-635,Online,10,308.59,0,32477.13,1618.79,1467.11,refunded,5,3
ORD-10481,2025-01-02,CUST-0389,cust147@example.com,Enterprise,64,North,Apparel,SKU-441,Retail,3,144.22,0.1,389.39,188,201.39,pending,3,5
ORD-10579,2025-01-03,CUST-0172,cust228@example.com,SMB,49,Central,Sports,SKU-821,Marketplace,3,96.38,0.15,245.77,149.8,95.97,cancelled,6,4.1
ORD-10498,2025-01-14,CUST-0335,cust8@example.com,SMB,35,South,Beauty,SKU-302,Marketplace,9,38.09,0,342.81,233.81,109,completed,6,3.8
ORD-10753,2025-10-28,CUST-0286,cust248@example.com,Enterprise,64,West,Apparel,SKU-704,Wholesale,4,184.05,0,736.2,404.25,331.95,completed,2,3.3
ORD-10172,2025-03-02,CUST-0298,cust99@example.com,Enterprise,18,South,Apparel,SKU-637,Wholesale,5,403.59,0,2017.95,1526.73,491.22,completed,2,4.7
ORD-10250,2025-07-07,CUST-0094,cust254@example.com,Consumer,19,West,Electronics,SKU-867,Online,11,506.92,0,5576.12,3853.2,1722.92,completed,2,3.6
ORD-10650,2025-04-30,CUST-0289,cust50@example.com,Enterprise,54,Central,Books,SKU-433,Wholesale,1,158.22,0.25,118.66,56.58,62.08,refunded,3,2.8
ORD-10093,2025-01-08,CUST-0355,cust371@example.com,Enterprise,48,North,Electronics,SKU-820,Retail,6,103.12,0,618.72,426.25,192.47,completed,4,4
ORD-10155,2025-10-30,CUST-0107,cust138@example.com,Enterprise,69,Central,Home,SKU-578,Online,11,334.22,0.05,3492.6,1926.7,1565.9,completed,4,3
ORD-10311,2025-09-13,CUST-0093,cust114@example.com,SMB,32,West,Sports,SKU-208,Retail,10,130.26,0.1,1172.34,567.1,605.24,pending,4,2.5
ORD-10786,2025-03-13,CUST-0319,cust55@example.com,Consumer,28,West,Grocery,SKU-298,Wholesale,6,709.54,0.15,3618.65,1848.63,1770.02,completed,2,3.6
ORD-10267,2025-12-12,CUST-0037,cust328@example.com,Consumer,44,North,Electronics,SKU-584,Marketplace,7,589.34,0,4125.38,3202.59,922.79,refunded,5,2.6
ORD-10404,2025-12-15,CUST-0063,cust146@example.com,SMB,24,Central,Electronics,SKU-296,Marketplace,5,233.13,0,1165.65,614.26,551.39,pending,4,4.4
ORD-10385,2025-09-24,CUST-0391,cust166@example.com,SMB,18,North,Electronics,SKU-324,Wholesale,4,49.72,0.2,159.1,84.29,74.81,refunded,5,4.1
ORD-10002,2025-05-26,CUST-0017,cust60@example.com,Consumer,20,East,Books,SKU-103,Wholesale,2,93.34,0.15,158.68,114.14,44.54,refunded,5,3.8
ORD-10487,2025-08-23,CUST-0226,,Consumer,21,North,Grocery,SKU-496,Online,12,873.73,0,10484.76,6077.65,4407.11,completed,5,3.5
ORD-10720,2025-02-19,CUST-0254,cust348@example.com,Consumer,25,Central,Grocery,SKU-753,Marketplace,5,732.86,0,3664.3,2436.95,1227.35,cancelled,6,4.1
ORD-10067,2025-04-07,CUST-0218,cust272@example.com,SMB,69,West,Electronics,SKU-801,Marketplace,10,157.48,0.1,1417.32,1048.55,368.77,refunded,6,4.5
ORD-10022,2025-07-29,CUST-0388,cust42@example.com,Consumer,64,East,Sports,SKU-385,Online,12,872.88,0,10474.56,7640.6,2833.96,completed,3,3.4
ORD-10480,2025-07-31,CUST-0069,cust291@example.com,Consumer,52,Central,Sports,SKU-274,Online,1,404.89,0.2,323.91,209.8,114.11,refunded,6,2.9
ORD-10451,2025-07-26,CUST-0196,cust122@example.com,Consumer,48,West,Home,SKU-126,Retail,11,58.07,0.25,479.08,258.62,220.46,completed,5,4.7
ORD-10382,2025-10-26,CUST-0200,cust248@example.com,Enterprise,45,Central,Home,SKU-930,Retail,7,397.44,0.2,2225.66,1322.67,902.99,completed,3,4.2
ORD-10251,2025-05-20,CUST-0394,cust26@example.com,SMB,28,Central,Books,SKU-656,Online,10,609.99,0,6099.9,4405.66,1694.24,completed,6,4.1
ORD-10645,2025-07-30,CUST-0359,cust169@example.com,SMB,35,West,Grocery,SKU-716,Retail,8,941.36,0,7530.88,3971.82,3559.06,pending,6,3
ORD-10793,2025-04-26,CUST-0187,cust200@example.com,Consumer,55,West,Home,SKU-518,Retail,4,749.22,0.05,2847.04,2176.92,670.12,completed,5,4.8
ORD-10298,2025-12-03,CUST-0213,cust221@example.com,Enterprise,64,West,Electronics,SKU-590,Wholesale,3,549.59,0.25,1236.58,703.35,533.23,cancelled,4,3.2
ORD-10117,2025-12-04,CUST-0390,cust399@example.com,SMB,21,North,Books,SKU-521,Retail,1,936.16,0,936.16,507.46,428.7,completed,4,3.3
ORD-10359,2025-10-18,CUST-0214,cust392@example.com,Enterprise,64,Central,Books,SKU-962,Marketplace,5,936.06,0.25,3510.22,2714.91,795.31,cancelled,5,3.6
ORD-10365,2025-12-29,CUST-0314,cust196@example.com,Enterprise,44,South,Apparel,SKU-798,Wholesale,5,229.61,0.1,1033.25,657,376.25,cancelled,6,4.1
ORD-10535,2025-05-10,CUST-0002,cust44@example.com,Enterprise,45,North,Beauty,SKU-429,Online,5,66.09,0.05,313.93,224.88,89.05,refunded,2,3.2
ORD-10331,2025-12-07,CUST-0103,cust290@example.com,SMB,27,East,Sports,SKU-395,Retail,11,34.32,0,377.52,171.7,205.82,completed,3,3.2
ORD-10707,2025-01-05,CUST-0253,cust363@example.com,SMB,53,Central,Home,SKU-942,Retail,12,242,0.15,2468.4,1646.37,822.03,completed,5,4
ORD-10202,2025-10-04,CUST-0174,cust78@example.com,SMB,69,West,Home,SKU-188,Wholesale,5,431.49,0.1,1941.7,1306.71,634.99,cancelled,2,
ORD-10413,2025-10-13,CUST-0105,cust193@example.com,SMB,41,North,Books,SKU-604,Retail,12,788.42,0.2,7568.83,5433.01,2135.82,completed,6,4.8
ORD-10743,2025-09-06,CUST-0400,cust169@example.com,Consumer,43,North,Beauty,SKU-155,Retail,1,13.27,0.25,9.95,5.19,4.76,completed,5,3.2
ORD-10607,2025-10-19,CUST-0343,cust229@example.com,SMB,53,Central,Sports,SKU-563,Retail,6,26.59,0.2,127.63,71.58,56.05,cancelled,2,3.6
ORD-10631,2025-01-01,CUST-0268,cust245@example.com,Consumer,36,West,Beauty,SKU-947,Retail,1,370.21,0,370.21,231.27,138.94,completed,3,3.7
ORD-10306,2025-03-25,CUST-0249,cust320@example.com,SMB,20,East,Beauty,SKU-495,Retail,6,654.82,0,3928.92,2506.68,1422.24,completed,2,4.7
ORD-10212,2025-05-04,CUST-0128,cust254@example.com,SMB,71,West,Grocery,SKU-245,Retail,4,824.56,0.2,2638.59,2013.87,624.72,completed,6,4.8
ORD-10356,2025-10-21,CUST-0351,cust286@example.com,Consumer,42,North,Sports,SKU-891,Retail,3,501.6,0.25,1128.6,810.96,317.64,completed,5,4.4
ORD-10756,2025-02-07,CUST-0338,,SMB,28,South,Beauty,SKU-360,Wholesale,7,432.29,0.2,2420.82,1300.85,1119.97,completed,3,2.9
ORD-10604,2025-04-18,CUST-0151,cust352@example.com,Consumer,24,North,Books,SKU-318,Marketplace,6,517.71,0,3106.26,2395.97,710.29,completed,6,2.7
ORD-10646,2025-04-24,CUST-0168,cust112@example.com,SMB,66,South,Books,SKU-321,Retail,4,87.58,0,350.32,188.21,162.11,pending,3,3.5
ORD-10105,2025-08-26,CUST-0285,cust38@example.com,SMB,31,East,Electronics,SKU-897,Wholesale,6,559.51,0,3357.06,1986.39,1370.67,completed,6,4.7
ORD-10447,2025-03-14,CUST-0173,cust100@example.com,SMB,29,East,Apparel,SKU-721,Wholesale,7,312.93,0.25,1642.88,1243.86,399.02,completed,2,3.2
ORD-10482,2025-05-07,CUST-0055,,SMB,29,East,Grocery,SKU-793,Wholesale,10,703.02,0.25,5272.65,2895.76,2376.89,pending,6,3.1
ORD-10134,2025-11-21,CUST-0063,cust347@example.com,SMB,70,South,Apparel,SKU-772,Marketplace,10,40.22,0,402.2,229.62,172.58,refunded,5,4.8
ORD-10015,2025-07-10,CUST-0392,cust267@example.com,SMB,51,North,Sports,SKU-415,Online,5,332.26,0,1661.3,1079.34,581.96,completed,3,4.1
ORD-10491,2025-05-17,CUST-0292,cust266@example.com,Enterprise,66,North,Grocery,SKU-279,Wholesale,1,909.2,0,909.2,664.08,245.12,cancelled,5,4.8
ORD-10120,2025-03-31,CUST-0134,cust94@example.com,Consumer,63,West,Sports,SKU-803,Marketplace,9,546.53,0,4918.77,2371.09,2547.68,cancelled,2,3.8
ORD-10161,2025-10-20,CUST-0200,cust329@example.com,Enterprise,,South,Beauty,SKU-348,Marketplace,11,916.76,0.2,8067.49,4772.54,3294.95,cancelled,3,3.1
ORD-10430,2025-06-03,CUST-0223,cust264@example.com,SMB,28,West,Apparel,SKU-396,Retail,5,309.19,0.1,1391.36,723.67,667.69,completed,5,3.5
ORD-10663,2025-09-29,CUST-0164,cust41@example.com,Consumer,25,North,Apparel,SKU-768,Retail,1,486.98,0.25,365.24,230.88,134.36,refunded,5,3.8
ORD-10578,2025-07-01,CUST-0001,cust162@example.com,SMB,47,East,Books,SKU-699,Online,3,204.81,0,614.43,456.99,157.44,pending,4,3.5
ORD-10519,2025-02-08,CUST-0074,cust152@example.com,SMB,39,Central,Books,SKU-165,Marketplace,6,772.32,0.25,3475.44,2349.25,1126.19,completed,2,4
ORD-10308,2025-09-20,CUST-0356,cust50@example.com,Enterprise,41,Central,Electronics,SKU-804,Retail,11,652.76,0.1,6462.32,4050.05,2412.27,refunded,4,4
ORD-10750,2025-09-03,CUST-0082,cust121@example.com,Consumer,63,West,Grocery,SKU-352,Marketplace,7,140.58,0.2,787.25,473.78,313.47,cancelled,5,
ORD-10339,2025-02-15,CUST-0214,cust252@example.com,SMB,,East,Beauty,SKU-124,Wholesale,3,133.73,0.2,320.95,150.89,170.06,pending,5,3.4
ORD-10790,2025-11-25,CUST-0238,cust83@example.com,Consumer,30,Central,Books,SKU-776,Marketplace,8,297.7,0,2381.6,1321.92,1059.68,completed,4,3
ORD-10353,2025-05-06,CUST-0344,cust80@example.com,SMB,48,West,Sports,SKU-353,Wholesale,3,881.31,0.1,2379.54,1790.55,588.99,completed,4,4.4
ORD-10436,2025-01-05,CUST-0305,cust158@example.com,Consumer,56,North,Sports,SKU-634,Retail,9,458.49,0.25,3094.81,1700.09,1394.72,completed,5,4.7
ORD-10057,2025-02-06,CUST-0051,cust244@example.com,Consumer,42,West,Apparel,SKU-863,Marketplace,7,80.1,0.1,504.63,261.5,243.13,completed,4,4.7
ORD-10396,2025-05-08,CUST-0006,cust66@example.com,Enterprise,42,Central,Apparel,SKU-663,Online,8,796.72,0.1,5736.38,4219.88,1516.5,completed,4,3.9
ORD-10034,2025-07-07,CUST-0068,cust253@example.com,SMB,52,Central,Beauty,SKU-123,Wholesale,12,705.86,0.15,7199.77,3709.25,3490.52,cancelled,4,2.8
ORD-10414,2025-12-07,CUST-0049,cust383@example.com,SMB,64,North,Beauty,SKU-960,Online,7,522.65,0.15,3109.77,1597.5,1512.27,refunded,5,3.6
ORD-10230,2025-01-13,CUST-0276,cust396@example.com,SMB,54,North,Books,SKU-338,Retail,9,556.67,0.05,4759.53,2631.8,2127.73,completed,4,3.5
ORD-10737,2025-06-26,CUST-0334,,SMB,69,South,Beauty,SKU-287,Online,4,405.55,0.25,1216.65,555.54,661.11,completed,5,3.2
ORD-10617,2025-05-15,CUST-0175,cust213@example.com,Consumer,45,South,Electronics,SKU-758,Wholesale,12,656.51,0.05,7484.21,5078.97,2405.24,pending,4,3.4
ORD-10074,2025-04-23,CUST-0031,cust7@example.com,Consumer,,West,Books,SKU-272,Online,10,401.51,0,4015.1,2855.44,1159.66,completed,3,3.4
ORD-10537,2025-04-03,CUST-0238,cust37@example.com,SMB,58,East,Apparel,SKU-659,Retail,3,471.17,0.25,1060.13,635.5,424.63,completed,4,3.4
ORD-10470,2025-05-10,CUST-0334,cust287@example.com,SMB,57,North,Electronics,SKU-181,Online,6,466.59,0.05,2659.56,1376.23,1283.33,completed,2,4
ORD-10789,2025-07-02,CUST-0004,cust180@example.com,Consumer,30,North,Apparel,SKU-169,Marketplace,5,344.68,0.25,1292.55,863.87,428.68,pending,4,2.8
ORD-10767,2025-07-10,CUST-0248,cust246@example.com,Consumer,26,North,Apparel,SKU-594,Marketplace,5,500.63,0,2503.15,1293.68,1209.47,completed,5,4.9
ORD-10108,2025-06-24,CUST-0271,cust316@example.com,SMB,41,East,Books,SKU-297,Wholesale,9,765.03,0,6885.27,3422.62,3462.65,completed,3,3.5
ORD-10558,2025-03-15,CUST-0199,,Enterprise,48,North,Books,SKU-565,Online,2,183.85,0.1,330.93,169.93,161,completed,4,3.1
ORD-10080,2025-03-21,CUST-0282,cust349@example.com,SMB,58,Central,Beauty,SKU-252,Online,1,14.89,0.2,11.91,6.02,5.89,completed,5,4.6
ORD-10446,2025-03-04,CUST-0003,cust77@example.com,Consumer,21,East,Beauty,SKU-478,Wholesale,4,145.75,0,583,330.42,252.58,cancelled,6,4.2
ORD-10149,2025-11-07,CUST-0318,cust35@example.com,Enterprise,22,East,Home,SKU-771,Wholesale,1,466.28,0,466.28,223.61,242.67,pending,3,3.8
ORD-10556,2025-08-13,CUST-0015,cust130@example.com,Consumer,64,North,Home,SKU-629,Retail,7,183.88,0,1287.16,976.51,310.65,completed,5,4.8
ORD-10334,2025-01-12,CUST-0319,cust169@example.com,Enterprise,55,East,Apparel,SKU-105,Online,3,715.54,0,2146.62,1313.41,833.21,cancelled,3,4.8
ORD-10774,2025-05-20,CUST-0121,cust303@example.com,Consumer,18,West,Books,SKU-524,Online,9,162.12,0,1459.08,675.84,783.24,completed,5,2.6
ORD-10201,2025-09-16,CUST-0080,cust348@example.com,Enterprise,51,West,Books,SKU-297,Online,6,922.05,0.1,4979.07,2287.47,2691.6,completed,5,4.1
ORD-10621,2025-11-02,CUST-0295,cust253@example.com,SMB,32,South,Sports,SKU-301,Wholesale,3,756.97,0,2270.91,1429,841.91,completed,3,3.1
ORD-10204,2025-09-12,CUST-0137,cust334@example.com,Enterprise,62,East,Home,SKU-283,Wholesale,6,441.91,0.05,2518.89,1884.44,634.45,completed,4,2.7
ORD-10266,2025-01-28,CUST-0063,cust235@example.com,Consumer,61,East,Beauty,SKU-703,Online,11,122.65,0.1,1214.24,640.8,573.44,completed,6,4.4
ORD-10589,2025-03-02,CUST-0109,cust307@example.com,Enterprise,31,West,Home,SKU-440,Retail,2,729.76,0.25,1094.64,588.88,505.76,cancelled,4,2.9
ORD-10412,2025-01-28,CUST-0391,cust300@example.com,Enterprise,29,West,Electronics,SKU-868,Retail,5,736.67,0,3683.35,2619.09,1064.26,completed,6,2.6
ORD-10448,2025-07-21,CUST-0258,cust232@example.com,Enterprise,46,West,Electronics,SKU-273,Retail,10,143.92,0.1,1295.28,951.01,344.27,completed,4,4.9
ORD-10603,2025-11-06,CUST-0026,cust72@example.com,Enterprise,54,West,Apparel,SKU-776,Wholesale,1,644.69,0.2,515.75,247.72,268.03,pending,2,2.7
ORD-10248,2025-02-11,CUST-0187,cust248@example.com,Consumer,59,East,Grocery,SKU-138,Retail,1,649.88,0.25,487.41,297.33,190.08,completed,3,2.9
ORD-10474,2025-04-04,CUST-0349,cust272@example.com,Consumer,72,West,Books,SKU-304,Online,10,639.31,0,6393.1,4150.75,2242.35,completed,4,3.4
ORD-10053,2025-01-27,CUST-0259,cust248@example.com,Enterprise,46,North,Books,SKU-278,Retail,11,151.09,0.2,1329.59,930.06,399.53,refunded,5,2.7
ORD-10152,2025-01-28,CUST-0168,cust302@example.com,SMB,45,West,Beauty,SKU-155,Online,11,730.5,0.05,7633.72,5272.66,2361.06,pending,3,4.4
ORD-10026,2025-02-10,CUST-0273,cust173@example.com,Enterprise,44,North,Home,SKU-749,Retail,2,880.68,0,1761.36,1225.28,536.08,completed,6,4
ORD-10776,2025-12-18,CUST-0027,,Consumer,21,East,Books,SKU-960,Retail,6,95.89,0.2,460.27,305.77,154.5,completed,6,
ORD-10788,2025-03-31,CUST-0010,cust200@example.com,Enterprise,33,South,Books,SKU-556,Retail,2,698.11,0.1,1256.6,679.21,577.39,cancelled,3,4.2
ORD-10079,2025-01-09,CUST-0234,cust195@example.com,Consumer,31,West,Home,SKU-611,Retail,2,687.9,0,1375.8,763.73,612.07,completed,6,3.3
ORD-10423,2025-02-03,CUST-0175,cust109@example.com,Consumer,28,East,Electronics,SKU-576,Retail,2,938.44,0.05,1783.04,1208.26,574.78,completed,6,3.6
ORD-10254,2025-02-03,CUST-0003,cust38@example.com,Consumer,48,South,Books,SKU-465,Online,7,194.17,0,1359.19,816.23,542.96,completed,3,4.5
ORD-10156,2025-12-03,CUST-0024,cust349@example.com,Consumer,63,Central,Books,SKU-666,Wholesale,2,366.42,0,732.84,547.29,185.55,completed,3,3.7
ORD-10313,2025-01-08,CUST-0397,cust41@example.com,Enterprise,35,West,Grocery,SKU-359,Online,5,576.01,0,2880.05,1438.07,1441.98,refunded,3,4.5
ORD-10358,2025-06-11,CUST-0101,cust263@example.com,Enterprise,69,West,Apparel,SKU-365,Retail,11,191.28,0.25,1578.06,838.51,739.55,completed,2,4.1
ORD-10281,2025-09-11,CUST-0151,cust133@example.com,Consumer,49,South,Beauty,SKU-200,Retail,1,818.14,0.2,654.51,322.19,332.32,completed,2,4.8
ORD-10564,2025-09-08,CUST-0093,cust325@example.com,Consumer,61,South,Books,SKU-639,Wholesale,6,867.95,0,5207.7,3093.43,2114.27,completed,2,4.3
ORD-10242,2025-06-03,CUST-0311,cust352@example.com,Consumer,72,North,Apparel,SKU-833,Wholesale,2,549.68,0,1099.36,655.54,443.82,cancelled,2,
ORD-10392,2025-10-31,CUST-0282,,SMB,35,West,Home,SKU-932,Retail,12,487.71,0,5852.52,2834.53,3017.99,completed,6,4.1
ORD-10114,2025-07-24,CUST-0134,cust209@example.com,Consumer,63,East,Sports,SKU-821,Wholesale,10,370.7,0.1,3336.3,1996.38,1339.92,pending,5,2.7
ORD-10387,2025-03-06,CUST-0103,cust261@example.com,Consumer,47,Central,Beauty,SKU-649,Retail,9,644.17,0,5797.53,3540.45,2257.08,completed,5,3.4
ORD-10027,2025-06-24,CUST-0050,cust265@example.com,Consumer,46,South,Apparel,SKU-754,Retail,12,152.46,0.1,1646.57,883.65,762.92,cancelled,3,3.7
ORD-10748,2025-06-24,CUST-0005,cust302@example.com,Enterprise,71,East,Electronics,SKU-456,Retail,5,336.55,0,1682.75,1229.77,452.98,completed,3,4.6
ORD-10383,2025-09-11,CUST-0247,cust134@example.com,Consumer,69,West,Beauty,SKU-511,Marketplace,9,205.67,0,1851.03,1383.97,467.06,completed,2,3.5
ORD-10421,2025-06-18,CUST-0350,cust199@example.com,Enterprise,51,Central,Books,SKU-662,Retail,8,107.26,0.25,643.56,372.72,270.84,cancelled,5,3
ORD-10450,2025-10-07,CUST-0258,cust248@example.com,SMB,31,West,Apparel,SKU-281,Marketplace,9,573.9,0.1,4648.59,2948.61,1699.98,completed,5,3.3
ORD-10063,2025-08-25,CUST-0400,cust58@example.com,SMB,38,West,Grocery,SKU-297,Wholesale,5,439.07,0,2195.35,1393.94,801.41,completed,3,2.5
ORD-10399,2025-06-03,CUST-0386,cust393@example.com,Enterprise,36,Central,Home,SKU-306,Wholesale,10,896.85,0.1,8071.65,5779.55,2292.1,pending,2,3.6
ORD-10169,2025-04-18,CUST-0352,cust105@example.com,Enterprise,48,North,Sports,SKU-517,Wholesale,3,436.23,0,1308.69,877.14,431.55,completed,2,4.1
ORD-10337,2025-06-12,CUST-0387,cust118@example.com,Consumer,72,East,Electronics,SKU-608,Marketplace,1,310.99,0,310.99,214.46,96.53,pending,4,3.1
ORD-10675,2025-03-17,CUST-0085,cust189@example.com,Consumer,30,Central,Beauty,SKU-560,Retail,2,586.2,0,1172.4,704.54,467.86,refunded,5,3.1
ORD-10216,2025-01-06,CUST-0090,cust232@example.com,Enterprise,20,North,Books,SKU-967,Marketplace,10,452.8,0,4528,3440.44,1087.56,completed,4,4.6
ORD-10121,2025-04-14,CUST-0236,cust357@example.com,Enterprise,47,North,Home,SKU-847,Wholesale,11,243.13,0,2674.43,1699.82,974.61,completed,3,3.2
ORD-10153,2025-02-04,CUST-0130,cust376@example.com,Consumer,68,South,Grocery,SKU-172,Marketplace,7,376,0.05,2500.4,1852.21,648.19,cancelled,4,4.6
ORD-10232,2025-03-08,CUST-0129,cust108@example.com,Enterprise,,Central,Grocery,SKU-130,Marketplace,3,754.71,0,2264.13,1630.91,633.22,completed,4,4
ORD-10272,2025-04-11,CUST-0126,cust348@example.com,Consumer,71,South,Electronics,SKU-830,Retail,8,621.62,0,4972.96,2757.4,2215.56,pending,6,3.3
ORD-10159,2025-05-16,CUST-0284,cust33@example.com,Enterprise,44,South,Sports,SKU-682,Wholesale,7,411.37,0,2879.59,1639.12,1240.47,completed,2,4.7
ORD-10039,2025-02-10,CUST-0282,cust268@example.com,Consumer,29,West,Home,SKU-481,Marketplace,4,823.7,0,3294.8,1520.93,1773.87,completed,3,4.2
ORD-10099,2025-07-01,CUST-0172,cust367@example.com,Enterprise,29,North,Home,SKU-665,Online,9,731.52,0.15,5596.13,3997.91,1598.22,cancelled,6,
ORD-10783,2025-12-01,CUST-0001,cust188@example.com,Enterprise,23,Central,Grocery,SKU-493,Retail,9,70.59,0.05,603.54,365.51,238.03,completed,4,4.9
ORD-10245,2025-10-24,CUST-0309,cust160@example.com,Consumer,36,West,Home,SKU-148,Marketplace,10,484.11,0.15,4114.94,3076.23,1038.71,completed,6,4
ORD-10187,2025-05-28,CUST-0314,cust309@example.com,Enterprise,38,West,Books,SKU-949,Marketplace,1,948.81,0,948.81,630.95,317.86,completed,4,2.9
ORD-10366,2025-06-12,CUST-0093,cust66@example.com,Enterprise,46,North,Sports,SKU-206,Online,7,587.4,0,4111.8,2644.37,1467.43,completed,3,4.4
ORD-10616,2025-01-29,CUST-0010,cust16@example.com,Enterprise,50,South,Home,SKU-248,Marketplace,10,681.85,0.25,5113.88,3515.47,1598.41,cancelled,4,4.6
ORD-10321,2025-11-25,CUST-0385,,SMB,58,North,Books,SKU-586,Wholesale,2,146.57,0.1,263.83,202.49,61.34,cancelled,5,3.6
ORD-10459,2025-10-20,CUST-0280,cust129@example.com,SMB,26,South,Home,SKU-118,Online,3,714.66,0.25,1607.98,1025.95,582.03,completed,5,3.8
ORD-10615,2025-12-16,CUST-0394,cust58@example.com,Consumer,24,South,Grocery,SKU-599,Marketplace,9,619.1,0,5571.9,3349.77,2222.13,cancelled,3,3
ORD-10084,2025-04-27,CUST-0061,cust222@example.com,Consumer,25,West,Electronics,SKU-115,Retail,1,763.36,0.25,572.52,355.38,217.14,refunded,5,4.6
ORD-10454,2025-04-23,CUST-0286,cust29@example.com,Enterprise,35,Central,Beauty,SKU-845,Marketplace,7,706.91,0.1,4453.53,2371.93,2081.6,refunded,2,2.5
ORD-10326,2025-06-25,CUST-0012,cust1@example.com,Consumer,32,Central,Home,SKU-810,Wholesale,6,170.48,0,1022.88,525.43,497.45,pending,5,4.5
ORD-10696,2025-08-05,CUST-0286,cust176@example.com,Consumer,31,Central,Apparel,SKU-685,Online,7,600.45,0.2,3362.52,2316.86,1045.66,completed,3,2.8
ORD-10019,2025-07-04,CUST-0003,cust62@example.com,SMB,68,North,Apparel,SKU-924,Marketplace,4,68.01,0,272.04,203.64,68.4,refunded,4,4.1
ORD-10258,2025-04-21,CUST-0299,cust261@example.com,Enterprise,44,East,Apparel,SKU-705,Online,12,615.79,0,7389.48,4677.23,2712.25,completed,3,3.4
ORD-10118,2025-07-25,CUST-0284,cust1@example.com,Enterprise,22,South,Electronics,SKU-828,Retail,11,539.74,0.1,5343.43,2745.19,2598.24,completed,3,3.5
ORD-10640,2025-02-15,CUST-0162,cust242@example.com,Enterprise,30,Central,Sports,SKU-773,Retail,8,518.91,0.2,3321.02,2567.33,753.69,cancelled,4,3.7
ORD-10562,2025-03-26,CUST-0362,cust254@example.com,SMB,50,North,Apparel,SKU-344,Marketplace,5,826.35,0.1,3718.58,2233.83,1484.75,pending,2,4.2
ORD-10449,2025-06-16,CUST-0237,cust177@example.com,SMB,39,South,Home,SKU-748,Online,11,610.64,0.25,5037.78,3662.65,1375.13,cancelled,5,4.4
ORD-10689,2025-03-02,CUST-0069,cust224@example.com,SMB,53,North,Sports,SKU-629,Online,1,656.57,0,656.57,499.64,156.93,completed,6,3.2
ORD-10762,2025-10-06,CUST-0125,cust399@example.com,Enterprise,63,North,Home,SKU-846,Retail,10,456.31,0,4563.1,3327.28,1235.82,refunded,4,3.9
ORD-10273,2025-02-21,CUST-0273,cust41@example.com,SMB,22,North,Sports,SKU-222,Online,3,565.09,0,1695.27,1014.15,681.12,completed,2,4.7
ORD-10605,2025-09-18,CUST-0369,,Enterprise,32,South,Beauty,SKU-696,Marketplace,10,336.49,0,3364.9,2458.7,906.2,completed,5,
ORD-10127,2025-05-21,CUST-0027,cust82@example.com,SMB,29,East,Apparel,SKU-336,Marketplace,10,193.69,0.1,1743.21,1287.75,455.46,pending,5,3.8
ORD-10188,2025-11-27,CUST-0004,cust247@example.com,SMB,29,South,Grocery,SKU-285,Retail,8,874.85,0.25,5249.1,3161.92,2087.18,completed,4,4.3
ORD-10769,2025-07-03,CUST-0116,cust360@example.com,Consumer,71,South,Beauty,SKU-600,Retail,10,49.13,0.15,417.6,289.49,128.11,completed,3,2.9
ORD-10114,2025-07-24,CUST-0134,cust209@example.com,Consumer,63,East,Sports,SKU-821,Wholesale,10,370.7,0.1,3336.3,1996.38,1339.92,pending,5,2.7
ORD-10744,2025-01-15,CUST-0332,cust1@example.com,Enterprise,50,North,Apparel,SKU-730,Marketplace,9,75.05,0.1,607.9,471.3,136.6,completed,6,3.2
ORD-10647,2025-08-21,CUST-0061,,Consumer,35,South,Beauty,SKU-928,Marketplace,8,319.78,0.15,2174.5,1054.2,1120.3,refunded,4,2.9
ORD-10381,2025-04-28,CUST-0060,cust24@example.com,Enterprise,18,West,Sports,SKU-175,Retail,11,325.18,0,3576.98,1706.24,1870.74,cancelled,3,5
ORD-10133,2025-02-13,CUST-0178,cust108@example.com,Enterprise,65,West,Grocery,SKU-808,Retail,5,189.47,0.25,710.51,462.14,248.37,completed,4,3
ORD-10613,2025-04-13,CUST-0173,cust195@example.com,Enterprise,50,South,Grocery,SKU-191,Retail,6,870.67,0,5224.02,2965.84,2258.18,cancelled,6,3.2
ORD-10131,2025-01-22,CUST-0204,,Enterprise,37,North,Apparel,SKU-976,Online,9,218.92,0,1970.28,1458.12,512.16,pending,4,
ORD-10466,2025-08-20,CUST-0257,cust128@example.com,Enterprise,58,East,Sports,SKU-267,Wholesale,1,909.21,0,909.21,656.09,253.12,completed,5,4.2
ORD-10054,2025-03-27,CUST-0112,cust90@example.com,SMB,61,South,Sports,SKU-564,Retail,6,761.11,0.2,3653.33,2514.25,1139.08,pending,3,3.8
ORD-10032,2025-01-17,CUST-0069,cust270@example.com,SMB,71,East,Sports,SKU-385,Marketplace,4,39.49,0.05,150.06,91.72,58.34,refunded,3,4.9
ORD-10379,2025-06-14,CUST-0031,cust235@example.com,SMB,62,West,Sports,SKU-781,Retail,10,524.74,0.05,4985.03,3168.73,1816.3,completed,6,4.3
ORD-10405,2025-06-02,CUST-0128,cust138@example.com,SMB,26,West,Grocery,SKU-396,Online,9,687.04,0,6183.36,3523.41,2659.95,completed,2,3.4
ORD-10224,2025-05-05,CUST-0053,cust156@example.com,Enterprise,38,East,Electronics,SKU-620,Retail,10,277.03,0.1,2493.27,1299.12,1194.15,completed,5,
ORD-10417,2025-07-18,CUST-0330,cust196@example.com,Enterprise,22,West,Apparel,SKU-365,Online,7,129.88,0,909.16,585.31,323.85,completed,6,2.8
ORD-10073,2025-04-21,CUST-0113,cust85@example.com,SMB,39,South,Apparel,SKU-582,Retail,5,593.43,0,2967.15,2284.05,683.1,cancelled,2,3.2
ORD-10361,2025-10-14,CUST-0134,cust172@example.com,Enterprise,61,North,Grocery,SKU-617,Online,2,173.01,0.25,259.52,173.23,86.29,completed,3,4.1
ORD-10456,2025-12-18,CUST-0053,cust198@example.com,SMB,43,East,Books,SKU-739,Retail,10,628.73,0.25,4715.48,3390.38,1325.1,completed,2,4.3
ORD-10489,2025-02-13,CUST-0295,cust64@example.com,Enterprise,,West,Beauty,SKU-685,Wholesale,10,777.71,0.25,5832.83,4327.21,1505.62,cancelled,4,2.9
ORD-10070,2025-08-25,CUST-0072,cust83@example.com,SMB,48,East,Grocery,SKU-333,Marketplace,5,747.68,0.1,3364.56,2227.05,1137.51,completed,6,2.9
ORD-10792,2025-11-23,CUST-0323,cust381@example.com,Consumer,64,South,Books,SKU-693,Retail,9,374.19,0,3367.71,1752.19,1615.52,pending,2,4.3
ORD-10752,2025-02-11,CUST-0238,cust92@example.com,Consumer,46,West,Electronics,SKU-530,Retail,3,718.01,0.2,1723.22,819.41,903.81,completed,2,3.2
ORD-10087,2025-10-04,CUST-0207,cust213@example.com,Consumer,33,West,Books,SKU-895,Wholesale,2,219.38,0,438.76,215.91,222.85,completed,2,3.5
ORD-10467,2025-10-31,CUST-0248,cust300@example.com,SMB,54,South,Home,SKU-821,Marketplace,10,222.81,0.05,2116.69,958.46,1158.23,completed,2,4.7
ORD-10278,2025-02-07,CUST-0325,cust17@example.com,SMB,44,Central,Sports,SKU-584,Wholesale,2,142.24,0.05,270.26,203.22,67.04,pending,2,3.8
ORD-10055,2025-12-28,CUST-0345,cust52@example.com,Enterprise,41,West,Electronics,SKU-377,Online,9,802.23,0.25,5415.05,3340.13,2074.92,completed,3,4.4
ORD-10587,2025-12-24,CUST-0202,cust156@example.com,Consumer,47,West,Grocery,SKU-432,Online,7,57.62,0.15,342.84,198.11,144.73,completed,2,3.9
ORD-10262,2025-11-15,CUST-0356,cust311@example.com,Consumer,18,North,Books,SKU-847,Marketplace,12,381.87,0.05,38970.64,3101.77,1251.55,completed,3,
ORD-10139,2025-02-06,CUST-0114,cust77@example.com,Consumer,21,East,Sports,SKU-564,Wholesale,12,355.63,0.25,43915.77,2098.38,1102.29,completed,6,3.5
ORD-10205,2025-08-14,CUST-0012,cust132@example.com,Consumer,48,South,Books,SKU-618,Retail,9,199.96,0,1799.64,1170.74,628.9,cancelled,3,4.6
ORD-10706,2025-10-23,CUST-0367,,Consumer,66,North,Beauty,SKU-659,Retail,5,744.07,0.25,2790.26,1643.55,1146.71,completed,5,
ORD-10705,2025-03-26,CUST-0079,cust105@example.com,Consumer,64,Central,Home,SKU-529,Marketplace,2,882.39,0.2,1411.82,887.16,524.66,refunded,3,2.7
ORD-10488,2025-11-10,CUST-0265,cust349@example.com,Enterprise,52,Central,Books,SKU-526,Wholesale,12,457.28,0,5487.36,3136.32,2351.04,pending,2,3.6
ORD-10398,2025-08-21,CUST-0344,cust136@example.com,Enterprise,24,North,Electronics,SKU-637,Marketplace,11,890.63,0,9796.93,6287.45,3509.48,completed,4,5
ORD-10546,2025-11-29,CUST-0343,cust222@example.com,Enterprise,20,South,Home,SKU-667,Retail,2,52.11,0,104.22,63.25,40.97,pending,2,4
ORD-10207,2025-07-19,CUST-0257,cust59@example.com,Enterprise,43,North,Home,SKU-440,Marketplace,6,98.58,0.2,473.18,274.29,198.89,completed,5,3
ORD-10035,2025-10-05,CUST-0327,cust321@example.com,Consumer,23,East,Home,SKU-169,Marketplace,5,507.74,0,2538.7,1501.39,1037.31,refunded,6,2.7
ORD-10787,2025-03-20,CUST-0378,cust326@example.com,SMB,70,East,Books,SKU-701,Wholesale,11,633.81,0,6971.91,3938.29,3033.62,completed,6,3
ORD-10427,2025-02-21,CUST-0282,cust197@example.com,Enterprise,36,South,Grocery,SKU-316,Wholesale,12,395.45,0.25,3559.05,2097.53,1461.52,completed,5,3.3
ORD-10520,2025-10-26,CUST-0396,cust261@example.com,SMB,27,West,Electronics,SKU-708,Online,11,913.56,0.25,7536.87,3683.1,3853.77,refunded,2,3.5
ORD-10014,2025-12-02,CUST-0377,cust165@example.com,Enterprise,19,North,Home,SKU-691,Online,11,847.08,0,9317.88,5110.45,4207.43,pending,6,4
ORD-10712,2025-06-21,CUST-0135,cust269@example.com,Enterprise,70,West,Sports,SKU-879,Wholesale,2,298.08,0.05,566.35,377.29,189.06,pending,5,3.7
ORD-10103,2025-03-28,CUST-0212,cust185@example.com,Consumer,52,North,Books,SKU-934,Online,10,536.66,0,5366.6,2551.61,2814.99,pending,6,2.7
ORD-10125,2025-11-09,CUST-0132,cust228@example.com,SMB,51,South,Beauty,SKU-472,Online,9,336.64,0,3029.76,2292.32,737.44,completed,2,4
ORD-10338,2025-03-15,CUST-0286,cust339@example.com,Enterprise,48,South,Books,SKU-629,Marketplace,12,627.64,0.2,95763.1,2782.96,3242.38,cancelled,2,3
ORD-10269,2025-04-07,CUST-0132,cust350@example.com,Consumer,46,Central,Apparel,SKU-391,Online,2,70.01,0.05,133.02,67.91,65.11,refunded,3,3.5
ORD-10244,2025-10-31,CUST-0148,cust133@example.com,Consumer,69,Central,Sports,SKU-507,Online,5,62.27,0,311.35,154.08,157.27,completed,5,4.4
ORD-10492,2025-08-23,CUST-0165,cust263@example.com,SMB,30,West,Grocery,SKU-865,Marketplace,4,788.35,0.25,2365.05,1411.19,953.86,completed,2,2.9
ORD-10005,2025-11-30,CUST-0363,cust175@example.com,SMB,38,West,Electronics,SKU-893,Marketplace,12,442.71,0,5312.52,3471.63,1840.89,completed,2,2.6
ORD-10389,2025-08-09,CUST-0250,cust287@example.com,Enterprise,50,East,Beauty,SKU-285,Marketplace,1,664.16,0,664.16,488.53,175.63,completed,3,3.5
ORD-10101,2025-01-17,CUST-0067,cust280@example.com,Enterprise,62,South,Home,SKU-670,Wholesale,12,783.99,0,9407.88,6874.86,2533.02,refunded,6,4.9
ORD-10751,2025-11-04,CUST-0252,cust228@example.com,SMB,72,North,Beauty,SKU-633,Wholesale,11,433.26,0.1,4289.27,2461.14,1828.13,completed,4,3.3
ORD-10402,2025-12-11,CUST-0212,cust57@example.com,Enterprise,54,South,Electronics,SKU-542,Wholesale,8,567.98,0,4543.84,2172.22,2371.62,completed,4,3.5
ORD-10391,2025-08-29,CUST-0282,,Consumer,72,East,Sports,SKU-536,Wholesale,3,690.4,0.05,1967.64,1374.24,593.4,completed,6,3.7
ORD-10222,2025-12-30,CUST-0181,cust148@example.com,SMB,55,Central,Beauty,SKU-397,Wholesale,5,327.08,0,1635.4,839.97,795.43,completed,2,4.6
ORD-10333,2025-04-06,CUST-0332,cust30@example.com,SMB,64,East,Books,SKU-841,Marketplace,12,289.29,0,3471.48,1652.43,1819.05,completed,3,3.6
ORD-10493,2025-02-14,CUST-0200,cust285@example.com,SMB,48,North,Apparel,SKU-985,Wholesale,11,97.8,0.1,968.22,654.81,313.41,pending,2,3.1
ORD-10483,2025-04-17,CUST-0141,cust166@example.com,SMB,37,North,Beauty,SKU-247,Retail,5,597.87,0.2,2391.48,1816.34,575.14,cancelled,6,3.1
ORD-10288,2025-11-29,CUST-0223,cust87@example.com,SMB,40,East,Home,SKU-179,Marketplace,12,554.16,0.05,6317.42,4056.93,2260.49,pending,5,3.6
ORD-10072,2025-01-04,CUST-0347,cust294@example.com,SMB,38,North,Books,SKU-188,Retail,5,313.48,0,1567.4,848.22,719.18,cancelled,2,3.3
ORD-10486,2025-11-24,CUST-0123,cust379@example.com,Enterprise,49,East,Beauty,SKU-851,Marketplace,9,459.14,0,4132.26,3217.31,914.95,refunded,6,
ORD-10571,2025-05-20,CUST-0103,cust307@example.com,Enterprise,34,North,Sports,SKU-921,Marketplace,9,668.34,0,6015.06,3432.25,2582.81,pending,3,2.6
ORD-10068,2025-04-29,CUST-0386,,SMB,25,West,Beauty,SKU-575,Retail,12,900.63,0.1,9726.8,4781.09,4945.71,pending,4,4.8
ORD-10215,2025-10-26,CUST-0313,cust28@example.com,Consumer,71,North,Electronics,SKU-943,Marketplace,12,749.2,0.15,7641.84,4174.66,3467.18,pending,6,3.4
ORD-10434,2025-05-23,CUST-0227,cust233@example.com,SMB,33,Central,Books,SKU-639,Marketplace,5,70.9,0,354.5,180.44,174.06,completed,4,2.9
ORD-10371,2025-04-09,CUST-0254,cust173@example.com,Enterprise,20,West,Apparel,SKU-820,Online,7,366.44,0,2565.08,1294.48,1270.6,refunded,3,3.5
ORD-10031,2025-09-22,CUST-0007,,SMB,29,South,Sports,SKU-503,Marketplace,6,161.43,0,968.58,747.88,220.7,completed,4,3.7
ORD-10755,2025-06-16,CUST-0165,cust320@example.com,SMB,66,Central,Electronics,SKU-344,Wholesale,6,411.07,0.25,1849.82,1085.34,764.48,completed,5,4.2
ORD-10599,2025-03-17,CUST-0308,cust390@example.com,Consumer,36,Central,Grocery,SKU-778,Retail,3,38.63,0.15,98.51,72.59,25.92,refunded,6,3.3
ORD-10195,2025-02-13,CUST-0149,cust201@example.com,SMB,65,North,Sports,SKU-420,Wholesale,10,22.4,0,224,115.14,108.86,cancelled,4,2.9
ORD-10271,2025-09-14,CUST-0337,cust123@example.com,Enterprise,51,Central,Electronics,SKU-255,Wholesale,4,274.84,0,1099.36,695.97,403.39,completed,6,3.2
ORD-10406,2025-05-14,CUST-0074,cust70@example.com,Enterprise,62,South,Sports,SKU-218,Marketplace,7,547,0.25,2871.75,1618.16,1253.59,cancelled,5,
ORD-10010,2025-05-28,CUST-0299,cust134@example.com,Consumer,66,South,Beauty,SKU-823,Online,8,385.13,0,3081.04,2312.4,768.64,cancelled,2,4.9
ORD-10378,2025-03-28,CUST-0258,cust278@example.com,Consumer,65,East,Home,SKU-988,Online,2,432.7,0,865.4,568.6,296.8,completed,6,2.8
ORD-10354,2025-11-03,CUST-0059,cust4@example.com,Consumer,70,Central,Apparel,SKU-703,Retail,12,813.89,0.2,7813.34,3892.91,3920.43,pending,3,3.6
ORD-10644,2025-12-28,CUST-0208,,Enterprise,,Central,Books,SKU-402,Marketplace,10,308.58,0.05,2931.51,2184.81,746.7,completed,5,4.9
ORD-10678,2025-06-03,CUST-0329,cust279@example.com,SMB,37,Central,Sports,SKU-150,Online,11,901.57,0.2,7933.82,4870.67,3063.15,completed,2,4.3
ORD-10030,2025-11-26,CUST-0039,,Enterprise,49,Central,Apparel,SKU-895,Online,11,441.98,0.2,3889.42,2047.36,1842.06,completed,2,4
ORD-10221,2025-08-29,CUST-0327,cust397@example.com,Consumer,65,East,Grocery,SKU-907,Retail,8,452.52,0,3620.16,1873.06,1747.1,completed,5,2.6
ORD-10643,2025-07-21,CUST-0017,cust47@example.com,Enterprise,18,Central,Home,SKU-137,Marketplace,4,211.19,0,844.76,555.29,289.47,completed,6,4.5
ORD-10268,2025-04-27,CUST-0167,cust193@example.com,SMB,49,East,Apparel,SKU-102,Wholesale,1,227.07,0,227.07,109.67,117.4,completed,2,3
ORD-10001,2025-09-01,CUST-0129,cust70@example.com,SMB,57,South,Beauty,SKU-131,Marketplace,2,126.68,0.05,240.69,121.69,119,pending,4,3.2
ORD-10243,2025-01-12,CUST-0153,cust231@example.com,SMB,55,West,Sports,SKU-796,Online,6,465.73,0,2794.38,1467.91,1326.47,cancelled,3,3.6
ORD-10528,2025-01-05,CUST-0318,cust163@example.com,Enterprise,29,North,Beauty,SKU-443,Marketplace,2,726.9,0,1453.8,788.44,665.36,completed,3,3.8
ORD-10033,2025-05-28,CUST-0070,cust293@example.com,SMB,29,East,Beauty,SKU-731,Wholesale,2,776.4,0,1552.8,1144.72,408.08,completed,4,3.8
ORD-10151,2025-02-26,CUST-0277,cust334@example.com,Consumer,42,Central,Apparel,SKU-711,Retail,8,549.11,0.15,3733.95,2479.71,1254.24,completed,6,3.3
ORD-10411,2025-07-05,CUST-0296,cust388@example.com,Consumer,39,West,Home,SKU-504,Wholesale,7,553.16,0,3872.12,1953.88,1918.24,completed,3,2.8
ORD-10580,2025-08-16,CUST-0163,cust109@example.com,Enterprise,34,South,Electronics,SKU-541,Wholesale,10,127.62,0.1,1148.58,872.77,275.81,completed,3,4.3
ORD-10400,2025-04-29,CUST-0345,cust201@example.com,Enterprise,45,Central,Grocery,SKU-426,Retail,8,345.08,0.05,2622.61,1199.28,1423.33,completed,5,2.7
ORD-10668,2025-12-15,CUST-0385,cust74@example.com,Consumer,68,East,Books,SKU-192,Marketplace,3,521.34,0.25,1173.01,692.06,480.95,pending,5,4.6
ORD-10543,2025-03-26,CUST-0029,,Enterprise,24,East,Beauty,SKU-229,Wholesale,4,770.14,0.05,2926.53,2004.03,922.5,completed,3,3.1
ORD-10166,2025-03-24,CUST-0117,cust97@example.com,SMB,33,South,Books,SKU-954,Marketplace,12,610.49,0.25,5494.41,4136.71,1357.7,cancelled,4,4.9
ORD-10071,2025-08-18,CUST-0146,cust114@example.com,Enterprise,64,Central,Electronics,SKU-436,Online,8,589.81,0.15,4010.71,2123.74,1886.97,pending,2,4.2
ORD-10136,2025-04-04,CUST-0277,cust398@example.com,Consumer,49,East,Beauty,SKU-102,Online,1,647.28,0.25,485.46,223.93,261.53,completed,3,4.1
ORD-10112,2025-04-21,CUST-0125,cust311@example.com,Consumer,33,Central,Electronics,SKU-991,Online,12,327.37,0,3928.44,2716.2,1212.24,cancelled,4,4.6
ORD-10233,2025-11-25,CUST-0112,cust76@example.com,Enterprise,50,North,Home,SKU-446,Wholesale,8,101.09,0,808.72,476.68,332.04,completed,6,4.9
ORD-10711,2025-03-14,CUST-0169,cust94@example.com,Enterprise,47,North,Sports,SKU-857,Marketplace,4,814.82,0.15,2770.39,1433.66,1336.73,cancelled,5,4.5
ORD-10110,2025-10-18,CUST-0228,cust50@example.com,Enterprise,65,West,Books,SKU-848,Retail,5,807.43,0,4037.15,2805.97,1231.18,cancelled,5,4.6
ORD-10655,2025-01-24,CUST-0376,cust314@example.com,Enterprise,39,South,Sports,SKU-219,Online,10,720.69,0,7206.9,5217.39,1989.51,completed,4,2.9
ORD-10188,2025-11-27,CUST-0004,cust247@example.com,SMB,29,South,Grocery,SKU-285,Retail,8,874.85,0.25,5249.1,3161.92,2087.18,completed,4,4.3
ORD-10196,2025-01-28,CUST-0064,cust118@example.com,Consumer,29,North,Electronics,SKU-339,Online,4,881.41,0,3525.64,2684.45,841.19,cancelled,5,4.4
ORD-10740,2025-02-18,CUST-0300,cust173@example.com,SMB,20,West,Home,SKU-986,Wholesale,5,904.8,0,4524,2446.72,2077.28,completed,3,2.9
ORD-10570,2025-02-14,CUST-0333,cust145@example.com,Consumer,20,South,Sports,SKU-955,Online,7,267.02,0,1869.14,1457.72,411.42,completed,2,4.5
ORD-10518,2025-02-01,CUST-0236,cust211@example.com,Consumer,26,East,Apparel,SKU-190,Retail,12,607.08,0.25,5463.72,3213.3,2250.42,refunded,6,5
ORD-10096,2025-09-22,CUST-0093,cust147@example.com,SMB,69,Central,Beauty,SKU-131,Online,11,815.05,0,8965.55,5745.05,3220.5,completed,5,3.8
ORD-10732,2025-03-02,CUST-0048,cust375@example.com,Enterprise,63,West,Sports,SKU-837,Wholesale,6,569.78,0.05,3247.75,2478.52,769.23,refunded,5,4.9
ORD-10274,2025-04-19,CUST-0365,cust306@example.com,Consumer,57,North,Electronics,SKU-632,Wholesale,9,24.78,0,223.02,149.43,73.59,completed,5,4.3
ORD-10217,2025-12-09,CUST-0249,cust310@example.com,Consumer,42,North,Beauty,SKU-563,Marketplace,11,259.27,0.15,2424.17,1383.35,1040.82,completed,4,3.1
ORD-10702,2025-01-21,CUST-0215,cust77@example.com,Consumer,42,South,Beauty,SKU-476,Wholesale,9,134.45,0.25,907.54,551.88,355.66,completed,5,2.9
ORD-10681,2025-05-11,CUST-0026,cust316@example.com,SMB,56,South,Sports,SKU-947,Online,8,831.38,0.25,4988.28,2762.51,2225.77,completed,5,4.9
ORD-10327,2025-05-21,CUST-0037,cust168@example.com,Consumer,25,North,Beauty,SKU-628,Online,4,879.76,0,3519.04,1788.91,1730.13,refunded,6,4.5
ORD-10418,2025-06-04,CUST-0340,cust262@example.com,Enterprise,27,East,Sports,SKU-721,Retail,3,504.46,0,1513.38,1161.56,351.82,cancelled,6,4.9
ORD-10123,2025-12-29,CUST-0195,cust204@example.com,SMB,26,North,Books,SKU-358,Wholesale,6,117.3,0.05,668.61,399.71,268.9,completed,4,3.9
ORD-10146,2025-01-28,CUST-0318,cust85@example.com,SMB,61,Central,Home,SKU-615,Wholesale,3,32.64,0,97.92,49.95,47.97,refunded,6,3.9
ORD-10785,2025-12-01,CUST-0319,cust389@example.com,Consumer,34,West,Books,SKU-543,Wholesale,6,325.34,0.15,1659.23,749.86,909.37,cancelled,6,3.6
ORD-10218,2025-04-22,CUST-0088,cust392@example.com,Enterprise,64,North,Beauty,SKU-735,Marketplace,5,269.72,0.05,1281.17,686.24,594.93,pending,4,3.2
ORD-10547,2025-09-04,CUST-0323,cust93@example.com,Enterprise,42,East,Grocery,SKU-593,Retail,10,144.83,0.05,1375.89,1029.75,346.14,pending,4,4.6
ORD-10463,2025-05-10,CUST-0222,cust88@example.com,Enterprise,65,Central,Grocery,SKU-480,Wholesale,9,125.6,0,1130.4,697.95,432.45,completed,3,4.4
ORD-10020,2025-05-26,CUST-0288,cust261@example.com,Enterprise,20,West,Grocery,SKU-417,Retail,8,129.82,0.2,830.85,452.97,377.88,cancelled,2,3.9
ORD-10302,2025-11-02,CUST-0300,cust350@example.com,SMB,38,Central,Books,SKU-295,Retail,9,283.26,0,2549.34,1651.9,897.44,completed,4,4.3
ORD-10458,2025-07-26,CUST-0285,cust45@example.com,Consumer,36,South,Electronics,SKU-296,Retail,4,210.64,0.15,716.18,399.01,317.17,refunded,5,4.9
ORD-10494,2025-09-05,CUST-0201,cust68@example.com,Enterprise,65,West,Apparel,SKU-336,Retail,9,929.64,0.15,7111.75,4716.78,2394.97,completed,4,4.1
ORD-10229,2025-12-03,CUST-0270,cust342@example.com,Consumer,52,East,Apparel,SKU-621,Retail,8,648.15,0.1,4666.68,2789.09,1877.59,cancelled,5,4.6
ORD-10685,2025-02-14,CUST-0316,cust347@example.com,Consumer,56,North,Apparel,SKU-946,Retail,9,705.63,0.15,5398.07,3482.15,1915.92,completed,4,2.8
ORD-10109,2025-01-25,CUST-0192,cust5@example.com,SMB,51,Central,Sports,SKU-716,Retail,10,874.03,0.25,6555.22,4622.26,1932.96,cancelled,4,2.9
ORD-10066,2025-06-27,CUST-0221,cust325@example.com,Consumer,63,Central,Sports,SKU-136,Online,8,92.7,0,741.6,430.73,310.87,completed,5,3.2
ORD-10171,2025-06-14,CUST-0069,cust304@example.com,SMB,68,North,Apparel,SKU-614,Marketplace,7,109.8,0,768.6,427.59,341.01,refunded,3,3.5
ORD-10464,2025-11-01,CUST-0178,cust138@example.com,Consumer,24,South,Books,SKU-502,Retail,7,743.78,0.15,4425.49,3329.16,1096.33,completed,6,4.4
ORD-10510,2025-06-18,CUST-0011,cust183@example.com,Consumer,49,West,Sports,SKU-744,Online,12,403.49,0,4841.88,2587.36,2254.52,completed,3,4.5
ORD-10747,2025-03-19,CUST-0013,cust108@example.com,SMB,59,North,Electronics,SKU-260,Retail,3,521.67,0,1565.01,1054.3,510.71,cancelled,6,4.1
ORD-10462,2025-02-02,CUST-0121,cust360@example.com,Enterprise,54,North,Electronics,SKU-626,Marketplace,12,678.31,0.2,6511.78,4699.84,1811.94,completed,2,3.2
ORD-10529,2025-03-04,CUST-0304,cust390@example.com,Enterprise,32,South,Sports,SKU-390,Retail,6,763.04,0.15,3891.5,1775.13,2116.37,pending,3,3.4
ORD-10086,2025-10-01,CUST-0332,cust120@example.com,Enterprise,48,South,Apparel,SKU-376,Wholesale,8,273.79,0.25,1642.74,1178.92,463.82,refunded,6,3.4
ORD-10083,2025-03-29,CUST-0220,cust263@example.com,SMB,34,Central,Books,SKU-913,Wholesale,11,468.95,0,5158.45,3350.52,1807.93,completed,6,4.7
ORD-10372,2025-08-21,CUST-0190,cust97@example.com,Consumer,25,Central,Sports,SKU-952,Retail,10,450.91,0,4509.1,3467.84,1041.26,completed,4,3.8
ORD-10209,2025-09-08,CUST-0162,cust266@example.com,Enterprise,67,Central,Books,SKU-388,Marketplace,11,627.61,0,6903.71,4801.02,2102.69,completed,2,3.4
ORD-10453,2025-10-05,CUST-0100,cust136@example.com,SMB,65,West,Grocery,SKU-597,Marketplace,7,292.07,0,2044.49,1407.46,637.03,cancelled,5,3.2
ORD-10021,2025-10-18,CUST-0326,cust340@example.com,SMB,61,Central,Apparel,SKU-343,Marketplace,11,894.96,0.2,7875.65,5266.37,2609.28,completed,6,2.7
ORD-10284,2025-09-23,CUST-0002,cust285@example.com,SMB,18,North,Home,SKU-383,Wholesale,8,613.38,0.15,4170.98,2233.44,1937.54,completed,4,3.7
ORD-10214,2025-02-26,CUST-0324,cust205@example.com,Enterprise,59,West,Apparel,SKU-308,Retail,8,646.48,0,5171.84,3836.72,1335.12,completed,3,4.8
ORD-10428,2025-12-31,CUST-0026,cust125@example.com,Consumer,67,East,Electronics,SKU-295,Online,1,583.23,0,583.23,327.15,256.08,cancelled,6,2.9
ORD-10745,2025-10-22,CUST-0394,cust103@example.com,SMB,21,Central,Grocery,SKU-471,Marketplace,11,317.44,0,3491.84,1807.18,1684.66,cancelled,4,2.7
ORD-10407,2025-08-11,CUST-0151,cust286@example.com,Consumer,28,Central,Apparel,SKU-780,Marketplace,1,72.11,0,72.11,54.75,17.36,refunded,3,2.8
ORD-10239,2025-03-16,CUST-0350,cust126@example.com,Consumer,60,North,Books,SKU-867,Wholesale,2,816,0.25,1224,808.8,415.2,refunded,6,4.5
ORD-10253,2025-04-06,CUST-0310,cust245@example.com,SMB,26,East,Home,SKU-901,Wholesale,3,890.9,0.25,2004.52,1380.27,624.25,completed,4,3.1
ORD-10137,2025-05-01,CUST-0060,cust385@example.com,SMB,47,Central,Books,SKU-412,Marketplace,4,885.6,0.25,2656.8,1899.12,757.68,completed,5,3.8
ORD-10259,2025-08-06,CUST-0179,cust301@example.com,SMB,22,South,Sports,SKU-344,Online,4,710.42,0,2841.68,1373.39,1468.29,completed,5,3.5
ORD-10090,2025-12-30,CUST-0001,cust175@example.com,Enterprise,57,West,Beauty,SKU-241,Retail,12,156.53,0,1878.36,1354.85,523.51,completed,4,3.9
ORD-10007,2025-05-07,CUST-0129,cust169@example.com,Consumer,29,West,Books,SKU-108,Online,12,34.06,0,408.72,219.73,188.99,refunded,4,2.6
ORD-10056,2025-04-22,CUST-0305,cust20@example.com,Enterprise,28,East,Sports,SKU-883,Retail,4,491.9,0.25,1475.7,696.23,779.47,cancelled,6,3.6
ORD-10730,2025-01-06,CUST-0151,cust198@example.com,Enterprise,67,West,Books,SKU-524,Retail,10,106.17,0.05,1008.62,598.61,410.01,cancelled,4,3.4
ORD-10431,2025-11-16,CUST-0385,cust329@example.com,SMB,,East,Grocery,SKU-272,Online,12,597.94,0,7175.28,5122.95,2052.33,pending,4,4.3
ORD-10186,2025-06-01,CUST-0132,cust182@example.com,Enterprise,40,East,Apparel,SKU-883,Marketplace,12,373.33,0,4479.96,2685.41,1794.55,completed,2,4.7
ORD-10611,2025-05-18,CUST-0057,cust274@example.com,SMB,26,North,Grocery,SKU-417,Wholesale,4,721.91,0,2887.64,1699.37,1188.27,pending,3,4
ORD-10497,2025-08-04,CUST-0091,cust375@example.com,Enterprise,62,East,Home,SKU-863,Online,2,570.28,0.1,1026.5,682.4,344.1,pending,3,2.9
ORD-10573,2025-06-28,CUST-0170,cust350@example.com,Consumer,69,East,Apparel,SKU-780,Online,9,264.88,0,2383.92,1646.4,737.52,completed,3,4.2
ORD-10320,2025-02-05,CUST-0130,cust374@example.com,Consumer,41,Central,Sports,SKU-143,Retail,2,160.69,0.1,289.24,157.76,131.48,completed,5,3.4
ORD-10501,2025-11-15,CUST-0315,cust316@example.com,Enterprise,41,South,Books,SKU-581,Online,11,272.07,0,2992.77,2201.17,791.6,pending,3,4.1
ORD-10252,2025-06-05,CUST-0131,cust259@example.com,Enterprise,47,West,Apparel,SKU-392,Retail,10,353.19,0.15,3002.12,1883.52,1118.6,completed,5,3.3
ORD-10257,2025-02-20,CUST-0048,cust2@example.com,SMB,64,South,Beauty,SKU-396,Online,4,607.14,0.2,1942.85,1207.64,735.21,completed,2,3.4
ORD-10641,2025-11-25,CUST-0372,cust77@example.com,Consumer,68,South,Beauty,SKU-480,Marketplace,11,464.78,0,5112.58,3574.86,1537.72,completed,6,3.9
ORD-10669,2025-07-26,CUST-0309,cust11@example.com,Enterprise,55,Central,Beauty,SKU-591,Wholesale,4,97.69,0.05,371.22,191.78,179.44,completed,2,4.7
ORD-10437,2025-06-12,CUST-0314,cust182@example.com,SMB,18,East,Books,SKU-865,Online,4,132.45,0.05,503.31,278.06,225.25,cancelled,6,3.9
ORD-10701,2025-01-19,CUST-0269,cust227@example.com,Consumer,27,East,Electronics,SKU-482,Retail,4,183.08,0.2,585.86,364.67,221.19,cancelled,5,4.2
ORD-10138,2025-10-03,CUST-0220,cust63@example.com,SMB,70,Central,Apparel,SKU-779,Online,4,646.77,0,2587.08,1512.43,1074.65,completed,4,3.2
ORD-10784,2025-02-20,CUST-0048,cust312@example.com,Enterprise,60,East,Sports,SKU-195,Marketplace,3,945.12,0.1,2551.82,1961.95,589.87,completed,5,
ORD-10091,2025-08-13,CUST-0295,cust163@example.com,Consumer,48,East,Apparel,SKU-147,Wholesale,6,275.15,0.25,1238.18,796.76,441.42,completed,3,2.9
ORD-10052,2025-03-22,CUST-0350,cust342@example.com,Enterprise,40,South,Apparel,SKU-592,Wholesale,10,372.1,0,3721,2502.71,1218.29,cancelled,4,3.8
ORD-10048,2025-01-22,CUST-0125,cust187@example.com,SMB,41,North,Grocery,SKU-928,Marketplace,4,126.06,0.25,378.18,263.66,114.52,completed,3,3.4
ORD-10628,2025-09-16,CUST-0114,cust44@example.com,SMB,28,South,Beauty,SKU-923,Retail,6,581.88,0,3491.28,2017.74,1473.54,completed,3,3.5
ORD-10517,2025-11-04,CUST-0357,cust122@example.com,Enterprise,65,South,Grocery,SKU-523,Wholesale,6,945.16,0,5670.96,3316.18,2354.78,refunded,4,5
ORD-10234,2025-10-12,CUST-0351,cust320@example.com,Consumer,54,East,Electronics,SKU-545,Marketplace,11,728.36,0,8011.96,6122.36,1889.6,refunded,4,2.7
ORD-10582,2025-05-09,CUST-0302,cust299@example.com,Consumer,54,Central,Books,SKU-529,Online,4,528.66,0.25,1585.98,817.09,768.89,completed,6,4.7
ORD-10297,2025-08-17,CUST-0124,cust91@example.com,Consumer,41,North,Home,SKU-934,Retail,5,739.54,0,3697.7,2546.02,1151.68,completed,4,4.4
ORD-10555,2025-04-25,CUST-0377,cust371@example.com,Consumer,62,North,Apparel,SKU-208,Wholesale,8,41.22,0,329.76,181.15,148.61,pending,4,2.6
ORD-10157,2025-09-30,CUST-0165,cust387@example.com,Enterprise,23,West,Beauty,SKU-947,Wholesale,5,444.37,0,2221.85,1437.82,784.03,refunded,3,4.9
ORD-10410,2025-03-16,CUST-0209,cust219@example.com,SMB,,North,Beauty,SKU-541,Wholesale,8,56.65,0.05,430.54,293.95,136.59,completed,5,2.9
ORD-10654,2025-02-07,CUST-0057,cust281@example.com,Consumer,71,West,Sports,SKU-330,Retail,8,151.67,0.2,970.69,645.55,325.14,pending,5,2.9
ORD-10503,2025-10-20,CUST-0169,cust302@example.com,Consumer,62,West,Electronics,SKU-343,Marketplace,2,686.01,0,1372.02,782.07,589.95,refunded,2,5
ORD-10260,2025-11-22,CUST-0074,cust141@example.com,Enterprise,47,North,Apparel,SKU-421,Retail,7,453.33,0,3173.31,1499.04,1674.27,completed,2,4.8
ORD-10315,2025-12-15,CUST-0008,cust196@example.com,SMB,,East,Home,SKU-518,Marketplace,10,595.5,0,5955,3229.59,2725.41,pending,2,4.6
ORD-10606,2025-12-20,CUST-0082,cust365@example.com,Enterprise,25,East,Electronics,SKU-387,Online,10,144.8,0.2,1158.4,862.88,295.52,cancelled,3,4.9
ORD-10293,2025-05-03,CUST-0297,cust17@example.com,Consumer,32,South,Grocery,SKU-855,Wholesale,3,699.73,0.25,1574.39,863.34,711.05,cancelled,3,2.6
ORD-10111,2025-10-11,CUST-0262,cust112@example.com,Consumer,30,West,Grocery,SKU-757,Online,12,228.52,0.2,2193.79,1000.09,1193.7,cancelled,2,4.6
ORD-10624,2025-02-13,CUST-0360,cust34@example.com,SMB,32,South,Apparel,SKU-792,Wholesale,12,282.2,0.2,39997.51,1744.72,964.4,completed,3,2.7
ORD-10565,2025-10-13,CUST-0017,cust225@example.com,Enterprise,31,East,Grocery,SKU-329,Marketplace,11,846.36,0.1,8378.96,5421.71,2957.25,completed,5,3.3
ORD-10142,2025-06-17,CUST-0134,cust197@example.com,SMB,,Central,Home,SKU-124,Retail,1,641.98,0,641.98,412.28,229.7,completed,2,4.8
ORD-10566,2025-07-12,CUST-0273,cust338@example.com,Enterprise,28,West,Beauty,SKU-339,Marketplace,9,838.32,0,7544.88,5221.41,2323.47,completed,4,4.7
ORD-10100,2025-01-10,CUST-0057,,Consumer,53,Central,Home,SKU-380,Retail,4,423.11,0,1692.44,897.7,794.74,cancelled,3,2.6
ORD-10496,2025-05-16,CUST-0160,cust295@example.com,Consumer,46,East,Home,SKU-310,Marketplace,2,835.2,0.1,1503.36,1039.86,463.5,completed,3,2.7
ORD-10575,2025-02-20,CUST-0220,cust114@example.com,Consumer,27,West,Home,SKU-264,Marketplace,11,619.07,0.25,5107.33,3939.74,1167.59,completed,4,3
ORD-10509,2025-02-24,CUST-0101,cust12@example.com,SMB,31,South,Grocery,SKU-847,Marketplace,12,141.07,0.2,1354.27,638.76,715.51,completed,4,2.7
ORD-10485,2025-11-17,CUST-0348,cust288@example.com,Enterprise,62,South,Home,SKU-377,Wholesale,5,477.19,0,2385.95,1373.67,1012.28,completed,4,3.6
ORD-10781,2025-08-14,CUST-0092,cust30@example.com,Consumer,18,South,Beauty,SKU-650,Wholesale,7,768.66,0.2,4304.5,2271.89,2032.61,refunded,6,2.8
ORD-10115,2025-03-13,CUST-0395,cust258@example.com,SMB,27,Central,Home,SKU-780,Online,10,221.32,0.2,1770.56,1317.36,453.2,pending,5,2.7
ORD-10065,2025-05-03,CUST-0125,cust228@example.com,Enterprise,56,North,Electronics,SKU-424,Marketplace,2,944.18,0,1888.36,904.65,983.71,pending,5,2.9
ORD-10286,2025-10-19,CUST-0176,cust39@example.com,Enterprise,53,West,Sports,SKU-355,Retail,12,361.56,0,4338.72,2022.16,2316.56,pending,3,4.3
ORD-10672,2025-11-05,CUST-0068,,SMB,40,West,Grocery,SKU-317,Marketplace,9,565.7,0.25,3818.48,2003.49,1814.99,refunded,2,4.6
ORD-10484,2025-10-10,CUST-0348,cust156@example.com,SMB,37,Central,Apparel,SKU-941,Online,12,928.6,0,11143.2,6065.25,5077.95,completed,5,3.6
ORD-10538,2025-01-23,CUST-0323,cust66@example.com,SMB,65,East,Home,SKU-343,Marketplace,3,909,0,2727,1647.01,1079.99,pending,3,4.6
ORD-10049,2025-07-12,CUST-0326,cust8@example.com,Enterprise,38,West,Electronics,SKU-281,Marketplace,10,853.95,0.15,7258.58,4875.26,2383.32,refunded,3,4.5
ORD-10677,2025-03-08,CUST-0058,cust252@example.com,Consumer,37,West,Grocery,SKU-551,Retail,8,715.57,0,5724.56,4239.03,1485.53,pending,4,4.5
ORD-10469,2025-01-12,CUST-0091,cust83@example.com,SMB,38,West,Books,SKU-127,Wholesale,9,55.59,0.25,375.23,291.33,83.9,completed,4,3.8
ORD-10360,2025-06-12,CUST-0294,cust131@example.com,Enterprise,,North,Grocery,SKU-295,Online,10,411.65,0,4116.5,3089.45,1027.05,refunded,6,
ORD-10577,2025-01-21,CUST-0287,cust352@example.com,Consumer,33,South,Home,SKU-362,Online,12,866.01,0.2,8313.7,4444.29,3869.41,pending,4,2.9
ORD-10097,2025-03-08,CUST-0059,cust3@example.com,Consumer,19,Central,Grocery,SKU-264,Marketplace,6,679.23,0.1,3667.84,1919.31,1748.53,refunded,2,4.7
ORD-10102,2025-11-29,CUST-0059,,Enterprise,36,North,Beauty,SKU-434,Retail,12,174.51,0.25,1570.59,723.75,846.84,completed,2,3.2
ORD-10716,2025-03-24,CUST-0125,cust237@example.com,Consumer,58,North,Books,SKU-218,Retail,6,786.31,0.2,3774.29,2451.75,1322.54,completed,5,3.5
ORD-10768,2025-03-22,CUST-0156,cust225@example.com,SMB,53,Central,Grocery,SKU-295,Online,3,828.55,0.25,1864.24,926.27,937.97,cancelled,5,4.2
ORD-10708,2025-03-17,CUST-0179,cust23@example.com,Enterprise,45,Central,Apparel,SKU-177,Retail,2,209.67,0,419.34,299.2,120.14,refunded,2,4.4
ORD-10294,2025-03-11,CUST-0118,cust170@example.com,Enterprise,67,South,Sports,SKU-288,Wholesale,11,265.34,0.15,2480.93,1926.19,554.74,completed,4,4.9
ORD-10651,2025-12-30,CUST-0334,cust128@example.com,Enterprise,35,North,Apparel,SKU-292,Online,10,897.99,0,8979.9,5006.39,3973.51,refunded,6,2.6
ORD-10598,2025-02-18,CUST-0074,cust282@example.com,Consumer,32,Central,Beauty,SKU-939,Retail,10,686.28,0.25,5147.1,2481.87,2665.23,completed,5,3.8
ORD-10585,2025-11-19,CUST-0103,cust347@example.com,Consumer,45,South,Books,SKU-519,Marketplace,9,552.37,0,4971.33,3695.92,1275.41,completed,3,2.7
ORD-10095,2025-10-02,CUST-0115,,Enterprise,69,Central,Electronics,SKU-586,Online,10,507.74,0,5077.4,2833.29,2244.11,pending,4,3.9
ORD-10347,2025-08-22,CUST-0096,cust285@example.com,Enterprise,57,South,Apparel,SKU-210,Wholesale,11,730.97,0.2,6432.54,4009.29,2423.25,cancelled,4,3.8
ORD-10539,2025-11-10,CUST-0124,cust219@example.com,Consumer,39,North,Apparel,SKU-463,Wholesale,10,178.27,0,1782.7,961.78,820.92,pending,3,4.3
ORD-10261,2025-04-09,CUST-0025,cust117@example.com,Consumer,67,North,Books,SKU-667,Online,9,513.26,0.1,4157.41,2261.85,1895.56,completed,3,3
ORD-10633,2025-04-16,CUST-0389,cust98@example.com,Consumer,44,East,Apparel,SKU-923,Online,7,208.34,0,1458.38,1056.81,401.57,refunded,3,4.1
ORD-10287,2025-04-12,CUST-0320,cust169@example.com,SMB,40,East,Books,SKU-898,Retail,5,600.09,0,3000.45,1746.69,1253.76,completed,4,3.5
ORD-10193,2025-02-28,CUST-0361,cust121@example.com,Consumer,22,South,Home,SKU-506,Marketplace,5,587.21,0.2,2348.84,1358.73,990.11,completed,6,4.3
ORD-10536,2025-10-08,CUST-0047,,Enterprise,30,Central,Beauty,SKU-388,Wholesale,10,237.44,0,2374.4,1124.99,1249.41,completed,3,4
ORD-10168,2025-12-24,CUST-0269,cust20@example.com,SMB,51,North,Electronics,SKU-485,Wholesale,5,424.92,0,2124.6,1345.49,779.11,completed,3,2.5
ORD-10345,2025-11-18,CUST-0063,cust227@example.com,Consumer,53,South,Sports,SKU-696,Wholesale,6,647.79,0.25,2915.06,1770.51,1144.55,cancelled,6,3.3
ORD-10225,2025-04-02,CUST-0143,cust158@example.com,Consumer,33,Central,Apparel,SKU-734,Wholesale,11,275.78,0.2,2426.86,1547.19,879.67,completed,3,3.1
ORD-10531,2025-03-29,CUST-0084,cust321@example.com,Consumer,69,North,Grocery,SKU-665,Marketplace,11,225.63,0.2,1985.54,1532.68,452.86,completed,3,4.4
ORD-10113,2025-08-17,CUST-0200,cust99@example.com,SMB,53,West,Sports,SKU-855,Online,9,335.61,0.05,2869.47,2007.4,862.07,completed,4,2.7
ORD-10636,2025-07-16,CUST-0355,cust347@example.com,SMB,24,East,Apparel,SKU-396,Retail,3,433.82,0,1301.46,844.41,457.05,pending,3,3.1
ORD-10667,2025-01-04,CUST-0286,cust389@example.com,SMB,38,West,Electronics,SKU-717,Online,1,430.48,0,430.48,241.54,188.94,completed,4,3.9
ORD-10280,2025-07-01,CUST-0016,cust250@example.com,Consumer,22,Central,Home,SKU-626,Marketplace,3,675.17,0.1,1822.96,965.33,857.63,pending,3,3.2
ORD-10377,2025-09-14,CUST-0261,cust301@example.com,Consumer,54,East,Beauty,SKU-626,Wholesale,1,759.26,0,759.26,396.8,362.46,cancelled,6,4.1
ORD-10590,2025-10-11,CUST-0279,cust9@example.com,Consumer,71,West,Sports,SKU-301,Retail,4,741.77,0.1,2670.37,1239.09,1431.28,completed,6,4.4
ORD-10772,2025-03-27,CUST-0113,cust92@example.com,Enterprise,61,North,Sports,SKU-971,Retail,11,284.01,0.2,2499.29,1168.75,1330.54,pending,3,3.6
ORD-10673,2025-04-06,CUST-0045,cust162@example.com,Enterprise,53,East,Home,SKU-747,Marketplace,10,689.7,0.25,5172.75,2545.42,2627.33,refunded,3,4.4
ORD-10595,2025-09-18,CUST-0251,cust13@example.com,Consumer,63,Central,Books,SKU-147,Retail,7,700.23,0,4901.61,3541.93,1359.68,pending,2,4.1
ORD-10545,2025-09-09,CUST-0236,cust346@example.com,Consumer,19,North,Books,SKU-338,Marketplace,12,692.75,0.25,6234.75,3388.56,2846.19,completed,4,4.8
ORD-10323,2025-08-16,CUST-0128,cust307@example.com,Enterprise,60,North,Sports,SKU-710,Wholesale,9,796.4,0.2,5734.08,2655.03,3079.05,pending,2,
ORD-10697,2025-09-08,CUST-0032,cust291@example.com,Enterprise,65,South,Grocery,SKU-861,Marketplace,10,604.93,0.15,5141.9,2351.32,2790.58,completed,6,4.6
ORD-10037,2025-01-04,CUST-0334,cust371@example.com,Consumer,57,North,Home,SKU-776,Online,9,701.81,0.15,5368.85,4181.15,1187.7,pending,6,3.9
ORD-10077,2025-01-01,CUST-0197,cust167@example.com,Enterprise,35,West,Apparel,SKU-613,Marketplace,10,877.9,0.25,6584.25,3326.6,3257.65,completed,4,2.5
ORD-10317,2025-04-06,CUST-0030,cust210@example.com,Enterprise,53,Central,Home,SKU-404,Marketplace,10,714.43,0.25,5358.22,2738.32,2619.9,cancelled,3,3.2
ORD-10782,2025-03-13,CUST-0326,cust390@example.com,SMB,72,South,Apparel,SKU-493,Online,9,605.1,0,5445.9,3377.54,2068.36,completed,6,2.6
ORD-10662,2025-09-15,CUST-0316,cust266@example.com,SMB,24,West,Home,SKU-602,Marketplace,9,502.45,0.1,4069.84,2391.24,1678.6,cancelled,2,2.5
ORD-10770,2025-04-25,CUST-0365,cust22@example.com,Consumer,68,East,Apparel,SKU-227,Online,6,167.57,0,1005.42,718.83,286.59,cancelled,2,3.1
ORD-10778,2025-10-02,CUST-0221,cust397@example.com,Enterprise,64,East,Home,SKU-371,Retail,4,936.49,0.05,3558.66,2702.63,856.03,cancelled,5,3.7
ORD-10388,2025-11-14,CUST-0384,cust121@example.com,SMB,43,South,Apparel,SKU-485,Marketplace,8,211.21,0.05,1605.2,1003.88,601.32,completed,4,3.1
ORD-10348,2025-07-15,CUST-0238,cust379@example.com,SMB,29,Central,Books,SKU-485,Online,7,42.02,0.1,264.73,172.09,92.64,refunded,2,2.6
ORD-10568,2025-02-22,CUST-0292,cust22@example.com,Enterprise,47,East,Apparel,SKU-410,Online,10,870.7,0.1,7836.3,5928.01,1908.29,completed,5,3.1
ORD-10036,2025-12-02,CUST-0282,cust217@example.com,Consumer,24,North,Home,SKU-687,Retail,9,908.92,0.2,6544.22,3058.83,3485.39,completed,5,
ORD-10122,2025-06-09,CUST-0024,cust185@example.com,SMB,22,South,Beauty,SKU-431,Marketplace,2,945.85,0.25,1418.78,932.44,486.34,refunded,6,2.5
ORD-10588,2025-10-25,CUST-0021,cust155@example.com,SMB,60,North,Electronics,SKU-204,Marketplace,5,122.64,0.15,521.22,297.99,223.23,completed,3,3.7
ORD-10270,2025-06-30,CUST-0314,cust252@example.com,SMB,24,North,Grocery,SKU-765,Online,4,153.85,0.25,461.55,348.79,112.76,pending,6,4.4
ORD-10069,2025-05-05,CUST-0081,cust383@example.com,Enterprise,33,South,Books,SKU-617,Retail,11,23.59,0.15,220.57,152.36,68.21,cancelled,4,3.9
ORD-10135,2025-12-31,CUST-0070,cust342@example.com,Consumer,50,South,Home,SKU-131,Wholesale,6,309.32,0,1855.92,902.1,953.82,pending,5,3.3
ORD-10540,2025-07-04,CUST-0279,,SMB,65,South,Electronics,SKU-684,Marketplace,7,255.9,0,1791.3,949.64,841.66,refunded,3,3.8
ORD-10759,2025-12-28,CUST-0102,cust83@example.com,SMB,23,East,Electronics,SKU-730,Retail,6,153.96,0.15,785.2,415.5,369.7,completed,6,4.4
ORD-10597,2025-08-31,CUST-0389,cust14@example.com,Enterprise,38,East,Electronics,SKU-985,Online,8,658.78,0.05,5006.73,2830.08,2176.65,completed,3,4.6
ORD-10798,2025-11-15,CUST-0237,cust187@example.com,Enterprise,34,East,Books,SKU-343,Wholesale,3,349.7,0.2,839.28,552.42,286.86,completed,2,3.6
ORD-10364,2025-07-14,CUST-0320,cust50@example.com,Enterprise,35,North,Beauty,SKU-937,Wholesale,10,690.47,0.15,5869,4244.24,1624.76,cancelled,2,3.2
ORD-10551,2025-11-06,CUST-0059,cust226@example.com,SMB,41,North,Beauty,SKU-721,Marketplace,12,724.22,0,8690.64,4038.01,4652.63,completed,4,4.9
ORD-10367,2025-10-21,CUST-0275,cust26@example.com,SMB,21,East,Books,SKU-264,Online,5,631.79,0.15,2685.11,1310.08,1375.03,refunded,2,2.7
ORD-10674,2025-08-02,CUST-0353,cust32@example.com,Consumer,36,North,Grocery,SKU-653,Marketplace,5,241.39,0,1206.95,823.84,383.11,completed,3,
ORD-10443,2025-10-07,CUST-0249,cust365@example.com,Enterprise,,West,Home,SKU-548,Wholesale,3,426.47,0,1279.41,964.73,314.68,completed,3,2.6
ORD-10013,2025-11-18,CUST-0246,cust343@example.com,SMB,72,Central,Electronics,SKU-524,Marketplace,6,354.5,0.05,2020.65,1418.34,602.31,completed,3,4.2
ORD-10676,2025-06-03,CUST-0127,cust315@example.com,SMB,63,East,Books,SKU-173,Marketplace,6,186.31,0,1117.86,810.04,307.82,completed,3,4.4
ORD-10721,2025-04-23,CUST-0152,cust132@example.com,SMB,29,Central,Beauty,SKU-190,Retail,9,558.88,0.25,3772.44,2355.68,1416.76,cancelled,5,4.1
ORD-10692,2025-11-05,CUST-0202,cust125@example.com,Consumer,39,North,Apparel,SKU-924,Retail,2,613.19,0.15,1042.42,621.48,420.94,completed,4,4.2
ORD-10344,2025-04-27,CUST-0296,cust151@example.com,Consumer,58,South,Beauty,SKU-318,Online,4,757.67,0,3030.68,1790.94,1239.74,completed,3,3.2
ORD-10682,2025-04-07,CUST-0048,cust326@example.com,Enterprise,70,Central,Home,SKU-808,Wholesale,11,109.21,0,1201.31,788.64,412.67,completed,4,4
ORD-10445,2025-11-20,CUST-0305,cust14@example.com,Consumer,57,North,Sports,SKU-974,Wholesale,4,95.3,0,381.2,268.51,112.69,completed,3,4.1
ORD-10775,2025-05-07,CUST-0017,cust213@example.com,Consumer,27,West,Home,SKU-738,Marketplace,12,830.21,0,9962.52,4506.2,5456.32,pending,4,
ORD-10236,2025-04-17,CUST-0350,cust52@example.com,Consumer,42,West,Beauty,SKU-738,Online,2,142.45,0.05,270.65,123.68,146.97,cancelled,2,
ORD-10041,2025-04-24,CUST-0125,,Enterprise,26,South,Electronics,SKU-139,Online,8,281.78,0,2254.24,1301.32,952.92,completed,2,3.4
ORD-10409,2025-05-24,CUST-0052,cust380@example.com,Consumer,25,North,Apparel,SKU-184,Wholesale,6,894.19,0,5365.14,3195.62,2169.52,completed,3,3.4
ORD-10714,2025-11-26,CUST-0144,cust395@example.com,SMB,64,Central,Apparel,SKU-958,Online,2,11.2,0,22.4,12.47,9.93,completed,5,3
ORD-10292,2025-08-09,CUST-0362,,SMB,50,Central,Grocery,SKU-547,Retail,4,143.12,0.25,429.36,223.85,205.51,completed,3,3.1
ORD-10504,2025-02-12,CUST-0188,cust204@example.com,Enterprise,45,East,Home,SKU-585,Wholesale,8,446.01,0.1,3211.27,2479.7,731.57,pending,2,4.5
ORD-10795,2025-01-10,CUST-0180,cust217@example.com,Enterprise,36,East,Home,SKU-527,Online,2,514.05,0.15,873.88,571.79,302.09,completed,5,4.3
ORD-10709,2025-09-02,CUST-0091,cust120@example.com,Consumer,47,Central,Books,SKU-117,Marketplace,3,752.08,0,2256.24,1122.92,1133.32,cancelled,3,3.1
ORD-10264,2025-08-21,CUST-0075,,Enterprise,36,North,Sports,SKU-243,Wholesale,7,824.7,0.05,5484.26,3460.17,2024.09,completed,2,4.7
ORD-10275,2025-03-19,CUST-0034,cust355@example.com,SMB,38,East,Apparel,SKU-314,Retail,11,786.08,0,8646.88,6196.02,2450.86,refunded,4,2.7
ORD-10160,2025-01-08,CUST-0266,cust383@example.com,SMB,70,West,Electronics,SKU-396,Retail,1,60.41,0,60.41,35.2,25.21,completed,4,3.5
ORD-10567,2025-06-26,CUST-0086,cust130@example.com,SMB,34,North,Electronics,SKU-728,Marketplace,1,551.52,0.05,523.94,250.88,273.06,pending,3,4.1
ORD-10328,2025-11-16,CUST-0193,cust8@example.com,Enterprise,19,South,Beauty,SKU-124,Online,7,760.06,0.05,5054.4,3519.28,1535.12,completed,2,3.5
ORD-10058,2025-07-30,CUST-0076,cust24@example.com,Consumer,25,West,Apparel,SKU-888,Marketplace,6,188.81,0.15,962.93,446.78,516.15,completed,4,2.8
ORD-10422,2025-06-16,CUST-0244,cust389@example.com,Consumer,,South,Electronics,SKU-428,Online,1,519.3,0.1,467.37,306.43,160.94,cancelled,2,2.6
ORD-10495,2025-08-12,CUST-0035,cust332@example.com,SMB,,South,Grocery,SKU-438,Marketplace,3,418.71,0.15,1067.71,761.97,305.74,completed,5,3.9
ORD-10455,2025-07-12,CUST-0185,cust154@example.com,SMB,39,South,Books,SKU-712,Marketplace,11,686.19,0,7548.09,4187.3,3360.79,pending,5,
ORD-10656,2025-04-10,CUST-0208,cust272@example.com,SMB,21,South,Books,SKU-146,Online,11,404.16,0.15,3778.9,2568.96,1209.94,completed,2,3.7
ORD-10279,2025-07-16,CUST-0275,cust133@example.com,SMB,64,South,Electronics,SKU-354,Marketplace,3,675.81,0.1,1824.69,1157.77,666.92,completed,4,3.2
ORD-10291,2025-08-10,CUST-0319,cust307@example.com,SMB,28,West,Books,SKU-452,Wholesale,1,756.83,0.2,605.46,292.03,313.43,completed,6,4.4
ORD-10635,2025-04-07,CUST-0019,cust322@example.com,Enterprise,31,North,Books,SKU-774,Retail,5,902.57,0,4512.85,2191.44,2321.41,completed,4,2.8
ORD-10465,2025-06-03,CUST-0186,cust230@example.com,Enterprise,69,Central,Grocery,SKU-445,Retail,5,843.21,0.1,3794.44,1834.03,1960.41,refunded,3,4
ORD-10064,2025-11-25,CUST-0208,cust58@example.com,Consumer,46,South,Apparel,SKU-857,Online,7,225.93,0,1581.51,794.55,786.96,completed,5,4.9
ORD-10506,2025-07-02,CUST-0067,cust216@example.com,SMB,30,West,Sports,SKU-803,Retail,9,590.65,0,5315.85,3182.5,2133.35,completed,2,2.6
ORD-10687,2025-05-09,CUST-0379,cust300@example.com,SMB,39,Central,Books,SKU-820,Wholesale,1,419.46,0.25,314.59,190.74,123.85,completed,5,3.5
ORD-10098,2025-08-22,CUST-0247,cust302@example.com,SMB,64,South,Apparel,SKU-300,Online,2,84.03,0,168.06,104.7,63.36,pending,5,3.2
ORD-10724,2025-02-11,CUST-0106,cust181@example.com,SMB,72,East,Apparel,SKU-169,Wholesale,12,251.14,0.15,2561.63,1505.43,1056.2,pending,3,3.6
ORD-10780,2025-11-02,CUST-0238,cust283@example.com,SMB,56,Central,Home,SKU-863,Marketplace,1,283.26,0,283.26,181.47,101.79,completed,2,4.8
ORD-10369,2025-09-13,CUST-0136,cust290@example.com,Consumer,47,West,Beauty,SKU-717,Marketplace,6,281.32,0.15,1434.73,935.66,499.07,completed,2,4.2
ORD-10796,2025-05-01,CUST-0053,cust130@example.com,Enterprise,64,West,Home,SKU-300,Wholesale,12,245.72,0.1,2653.78,1328.23,1325.55,pending,2,3.5
ORD-10559,2025-12-04,CUST-0038,cust124@example.com,Enterprise,58,West,Home,SKU-210,Retail,7,398.02,0.15,2368.22,1363.96,1004.26,cancelled,4,4
ORD-10476,2025-09-18,CUST-0222,cust287@example.com,Consumer,42,North,Beauty,SKU-635,Wholesale,8,307.56,0.25,1845.36,1173.01,672.35,completed,4,3
ORD-10143,2025-09-23,CUST-0298,cust148@example.com,Enterprise,47,North,Sports,SKU-751,Wholesale,5,486.69,0,2433.45,1314.56,1118.89,cancelled,4,4.5
ORD-10310,2025-05-22,CUST-0191,cust281@example.com,Enterprise,64,East,Books,SKU-889,Wholesale,6,634.86,0.25,2856.87,1673.99,1182.88,completed,6,3.2
ORD-10799,2025-03-17,CUST-0187,cust63@example.com,Enterprise,64,North,Beauty,SKU-398,Retail,7,42.06,0.1,264.98,156.91,108.07,completed,6,3.5
ORD-10727,2025-09-05,CUST-0100,,SMB,72,South,Electronics,SKU-122,Online,4,809.47,0,3237.88,1534.63,1703.25,pending,6,3.6
ORD-10457,2025-08-18,CUST-0029,cust142@example.com,Enterprise,68,West,Apparel,SKU-826,Online,8,698.82,0,5590.56,3298.16,2292.4,pending,3,5
ORD-10375,2025-09-08,CUST-0266,cust325@example.com,Consumer,39,South,Sports,SKU-364,Retail,7,54.88,0.2,307.33,140.33,167,refunded,6,4.5
ORD-10309,2025-01-16,CUST-0170,cust110@example.com,SMB,68,South,Sports,SKU-855,Retail,4,71.41,0.2,228.51,175.34,53.17,completed,4,
ORD-10512,2025-07-04,CUST-0285,cust98@example.com,SMB,21,South,Electronics,SKU-457,Retail,12,98.3,0.25,884.7,661.69,223.01,completed,4,4.4
ORD-10235,2025-01-01,CUST-0353,cust183@example.com,SMB,19,Central,Grocery,SKU-893,Retail,3,379.33,0,1137.99,566.46,571.53,completed,6,2.7
ORD-10256,2025-09-05,CUST-0148,cust263@example.com,SMB,39,North,Beauty,SKU-672,Wholesale,10,452.2,0.15,3843.7,2203.64,1640.06,refunded,5,3.6
ORD-10622,2025-11-15,CUST-0264,cust25@example.com,SMB,25,West,Apparel,SKU-176,Online,1,406.45,0.05,386.13,247.85,138.28,cancelled,3,3.4
ORD-10312,2025-07-04,CUST-0071,cust174@example.com,SMB,22,East,Home,SKU-126,Marketplace,1,849.19,0.2,679.35,423.91,255.44,completed,5,3.2
ORD-10623,2025-05-13,CUST-0271,cust287@example.com,Enterprise,68,Central,Books,SKU-354,Marketplace,7,673.14,0,4711.98,3274.39,1437.59,completed,5,4.8
ORD-10420,2025-12-13,CUST-0083,cust395@example.com,Consumer,58,South,Electronics,SKU-100,Retail,3,271.4,0.1,732.78,372.94,359.84,refunded,4,4.3
ORD-10619,2025-05-13,CUST-0121,cust279@example.com,SMB,38,West,Sports,SKU-883,Online,1,938.32,0.25,703.74,521.21,182.53,completed,3,4.4
ORD-10592,2025-03-06,CUST-0034,cust103@example.com,Enterprise,29,East,Books,SKU-522,Retail,4,504.36,0.2,1613.95,895.12,718.83,completed,5,4.2
ORD-10703,2025-04-12,CUST-0288,cust330@example.com,Consumer,68,South,Apparel,SKU-296,Retail,10,450.34,0,4503.4,2906.95,1596.45,completed,3,
ORD-10419,2025-02-18,CUST-0033,cust317@example.com,SMB,46,South,Electronics,SKU-111,Retail,1,190.42,0.05,180.9,122.85,58.05,pending,4,3
ORD-10307,2025-03-01,CUST-0269,cust26@example.com,SMB,64,Central,Beauty,SKU-914,Online,4,441.8,0.25,1325.4,944.2,381.2,completed,5,4.5
ORD-10642,2025-03-13,CUST-0064,cust237@example.com,Consumer,49,South,Electronics,SKU-560,Online,12,554.78,0,6657.36,3463.55,3193.81,completed,2,4
ORD-10637,2025-01-18,CUST-0039,cust33@example.com,Enterprise,32,North,Grocery,SKU-794,Marketplace,7,431.89,0.05,2872.07,1529.74,1342.33,cancelled,2,3
ORD-10051,2025-12-28,CUST-0001,cust173@example.com,Enterprise,69,North,Apparel,SKU-938,Online,3,308.37,0,925.11,510.89,414.22,pending,5,4.1
ORD-10593,2025-12-19,CUST-0359,cust380@example.com,Consumer,71,Central,Sports,SKU-648,Marketplace,3,856.82,0,2570.46,1324.69,1245.77,pending,5,2.8
ORD-10118,2025-07-25,CUST-0284,cust1@example.com,Enterprise,22,South,Electronics,SKU-828,Retail,11,539.74,0.1,5343.43,2745.19,2598.24,completed,3,3.5
ORD-10601,2025-03-01,CUST-0224,cust56@example.com,SMB,19,East,Sports,SKU-595,Retail,4,692.03,0,2768.12,2132.21,635.91,completed,3,2.7
ORD-10314,2025-12-06,CUST-0398,cust300@example.com,SMB,72,North,Home,SKU-872,Wholesale,7,15.61,0,109.27,54.84,54.43,refunded,3,3.8
ORD-10104,2025-08-23,CUST-0101,cust101@example.com,SMB,30,North,Home,SKU-872,Marketplace,10,724,0.15,6154,4317.65,1836.35,cancelled,6,4.8
ORD-10726,2025-03-20,CUST-0193,cust243@example.com,Enterprise,32,North,Grocery,SKU-207,Retail,7,27.79,0,194.53,93.97,100.56,completed,2,4.2
ORD-10690,2025-10-02,CUST-0348,cust111@example.com,Enterprise,41,South,Sports,SKU-146,Marketplace,1,438.94,0.2,351.15,271.77,79.38,pending,4,2.5
ORD-10717,2025-05-14,CUST-0328,cust254@example.com,Consumer,22,South,Grocery,SKU-517,Retail,8,91.84,0,734.72,383.04,351.68,pending,4,4.9
ORD-10277,2025-05-12,CUST-0393,cust221@example.com,Consumer,40,West,Sports,SKU-276,Wholesale,3,745.71,0.2,1789.7,1333.78,455.92,cancelled,5,4.9
ORD-10563,2025-10-28,CUST-0052,cust57@example.com,SMB,66,North,Apparel,SKU-657,Marketplace,11,643.81,0,7081.91,3330.9,3751.01,refunded,5,3.3
ORD-10009,2025-07-24,CUST-0325,cust140@example.com,Consumer,66,North,Electronics,SKU-263,Marketplace,7,679.3,0,4755.1,3078.45,1676.65,refunded,4,3.5
ORD-10505,2025-04-28,CUST-0106,cust6@example.com,SMB,63,North,Sports,SKU-208,Online,5,24.54,0.15,104.29,53.48,50.81,pending,2,4.6
ORD-10363,2025-03-06,CUST-0398,cust300@example.com,Enterprise,56,Central,Sports,SKU-396,Online,12,454.83,0.05,5185.06,2711.51,2473.55,cancelled,5,4.4
ORD-10061,2025-06-09,CUST-0179,cust213@example.com,Enterprise,57,East,Books,SKU-147,Retail,12,880.74,0.15,8983.55,4653.55,4330,refunded,6,3.1
ORD-10018,2025-01-01,CUST-0201,cust76@example.com,Consumer,40,Central,Grocery,SKU-670,Wholesale,12,442.81,0,5313.72,3240.3,2073.42,refunded,2,4.3
ORD-10533,2025-08-19,CUST-0365,cust115@example.com,Consumer,41,East,Books,SKU-313,Retail,4,669.43,0.15,2276.06,1459.28,816.78,completed,2,2.6
ORD-10165,2025-10-02,CUST-0204,cust266@example.com,SMB,71,South,Sports,SKU-917,Wholesale,2,587.8,0,1175.6,868.6,307,completed,5,3.2
ORD-10299,2025-03-03,CUST-0076,cust143@example.com,SMB,43,East,Books,SKU-890,Marketplace,2,873.76,0.1,1572.77,891.35,681.42,completed,6,2.8
ORD-10791,2025-06-16,CUST-0262,cust294@example.com,Consumer,66,Central,Electronics,SKU-269,Wholesale,9,810.68,0.1,6566.51,4500.99,2065.52,completed,6,4.1
ORD-10638,2025-01-06,CUST-0322,cust207@example.com,SMB,21,Central,Books,SKU-103,Marketplace,11,636.32,0,6999.52,3971.28,3028.24,completed,5,3.1
ORD-10461,2025-10-19,CUST-0007,cust25@example.com,Consumer,52,East,Electronics,SKU-371,Marketplace,8,277.46,0.05,2108.7,1393.1,715.6,pending,5,3.7
ORD-10729,2025-09-08,CUST-0340,cust22@example.com,Enterprise,20,North,Apparel,SKU-705,Online,5,782.04,0.1,3519.18,2539.01,980.17,completed,2,
ORD-10794,2025-10-12,CUST-0392,cust178@example.com,Consumer,49,East,Grocery,SKU-853,Retail,11,918.19,0,10100.09,5687.92,4412.17,completed,5,4.2
ORD-10634,2025-10-22,CUST-0309,cust340@example.com,Consumer,22,West,Home,SKU-675,Wholesale,2,713.52,0.05,1355.69,951.34,404.35,completed,3,3.2
ORD-10194,2025-12-06,CUST-0089,cust9@example.com,SMB,53,East,Beauty,SKU-482,Retail,2,670.22,0,1340.44,637.81,702.63,refunded,5,3.7
ORD-10097,2025-03-08,CUST-0059,cust3@example.com,Consumer,19,Central,Grocery,SKU-264,Marketplace,6,679.23,0.1,3667.84,1919.31,1748.53,refunded,2,4.7
ORD-10502,2025-07-23,CUST-0082,cust314@example.com,Consumer,47,North,Sports,SKU-900,Online,2,683.22,0,1366.44,899.47,466.97,pending,5,2.8
ORD-10433,2025-03-19,CUST-0306,cust6@example.com,Enterprise,25,South,Sports,SKU-670,Retail,9,824.03,0.15,6303.83,3227.61,3076.22,completed,2,3.2
ORD-10025,2025-05-14,CUST-0326,cust275@example.com,Enterprise,37,South,Apparel,SKU-352,Retail,2,115.38,0,230.76,141.47,89.29,completed,4,3.8
ORD-10240,2025-06-05,CUST-0238,cust119@example.com,Enterprise,39,East,Electronics,SKU-896,Wholesale,4,469.57,0,1878.28,1283.03,595.25,refunded,5,3.8
ORD-10766,2025-04-27,CUST-0362,,SMB,46,West,Books,SKU-929,Marketplace,5,598.05,0,2990.25,2159.15,831.1,completed,5,4.2
ORD-10046,2025-04-17,CUST-0030,cust40@example.com,Consumer,61,West,Sports,SKU-809,Retail,1,489.34,0.25,367,193.57,173.43,cancelled,3,3.4
ORD-10478,2025-08-07,CUST-0134,cust137@example.com,Consumer,53,West,Grocery,SKU-708,Wholesale,10,265.84,0.2,2126.72,1476.27,650.45,completed,2,
ORD-10357,2025-10-14,CUST-0006,cust309@example.com,Enterprise,70,South,Home,SKU-460,Online,1,892.65,0,892.65,585.1,307.55,refunded,2,3.5
ORD-10060,2025-01-01,CUST-0046,cust208@example.com,Enterprise,27,North,Electronics,SKU-524,Marketplace,5,471.55,0,2357.75,1814.34,543.41,completed,6,3.4
ORD-10472,2025-10-23,CUST-0127,cust339@example.com,Consumer,24,South,Home,SKU-565,Retail,4,697.89,0.1,2512.4,1179.55,1332.85,refunded,4,2.8
ORD-10738,2025-12-15,CUST-0376,cust308@example.com,SMB,25,East,Electronics,SKU-877,Wholesale,8,659.12,0,5272.96,2876.05,2396.91,completed,4,5
ORD-10586,2025-08-31,CUST-0311,cust77@example.com,Enterprise,31,South,Electronics,SKU-638,Retail,2,757.38,0,1514.76,718.86,795.9,refunded,2,4.3
ORD-10336,2025-10-07,CUST-0355,cust386@example.com,Consumer,48,North,Home,SKU-829,Marketplace,8,843.19,0,6745.52,3339.54,3405.98,refunded,4,4.7
ORD-10094,2025-10-22,CUST-0345,cust271@example.com,SMB,66,North,Beauty,SKU-143,Marketplace,2,442.52,0.1,796.54,393.64,402.9,completed,5,2.8
ORD-10342,2025-09-04,CUST-0287,cust184@example.com,Enterprise,24,West,Home,SKU-606,Online,6,339.58,0.05,1935.61,1410.97,524.64,completed,4,4.5
ORD-10045,2025-09-25,CUST-0234,cust218@example.com,Consumer,,East,Sports,SKU-790,Retail,1,391.08,0,391.08,285.18,105.9,completed,3,4.6
ORD-10584,2025-01-22,CUST-0223,cust68@example.com,Enterprise,65,West,Beauty,SKU-885,Marketplace,9,847.54,0,7627.86,5566.77,2061.09,pending,6,3.7
ORD-10734,2025-11-22,CUST-0180,cust274@example.com,Consumer,58,Central,Sports,SKU-797,Wholesale,4,605.63,0.1,2180.27,1240.76,939.51,completed,5,4.8
ORD-10316,2025-10-20,CUST-0150,cust137@example.com,Enterprise,39,North,Grocery,SKU-963,Marketplace,2,487.84,0,975.68,468.14,507.54,completed,4,3.3
ORD-10596,2025-06-01,CUST-0311,cust142@example.com,Enterprise,45,West,Home,SKU-435,Online,4,414.18,0.15,1408.21,671.5,736.71,completed,2,3.9
ORD-10227,2025-01-07,CUST-0087,cust48@example.com,Enterprise,35,South,Beauty,SKU-931,Online,2,342.37,0,684.74,507.02,177.72,completed,6,2.6
ORD-10335,2025-01-21,CUST-0359,cust357@example.com,SMB,44,North,Apparel,SKU-906,Wholesale,12,836.04,0.25,7524.36,4663.42,2860.94,completed,5,
ORD-10452,2025-07-03,CUST-0395,cust375@example.com,SMB,49,Central,Sports,SKU-677,Retail,10,17.26,0.05,163.97,76.8,87.17,pending,2,3.5
ORD-10771,2025-09-15,CUST-0234,cust49@example.com,SMB,67,North,Sports,SKU-786,Marketplace,4,759.9,0,3039.6,2212.04,827.56,completed,3,2.9
ORD-10148,2025-12-09,CUST-0295,cust13@example.com,SMB,18,North,Beauty,SKU-817,Retail,7,532.67,0.25,2796.52,1865.78,930.74,refunded,5,3.1
ORD-10132,2025-09-14,CUST-0297,cust201@example.com,SMB,18,East,Sports,SKU-618,Online,5,669.16,0,3345.8,2566.17,779.63,completed,4,4.7
ORD-10062,2025-10-08,CUST-0382,cust231@example.com,Consumer,36,North,Home,SKU-785,Marketplace,9,922.95,0.15,7060.57,3397.63,3662.94,refunded,2,4.3
ORD-10088,2025-03-16,CUST-0004,cust67@example.com,SMB,57,South,Grocery,SKU-856,Retail,2,651.46,0.05,19469.17,779.5,458.27,completed,3,4.5
ORD-10661,2025-10-26,CUST-0393,cust60@example.com,SMB,67,West,Electronics,SKU-357,Retail,9,293.31,0.15,2243.82,1570.43,673.39,pending,4,3.8
ORD-10114,2025-07-24,CUST-0134,cust209@example.com,Consumer,63,East,Sports,SKU-821,Wholesale,10,370.7,0.1,3336.3,1996.38,1339.92,pending,5,2.7
ORD-10394,2025-03-09,CUST-0233,cust49@example.com,SMB,38,North,Home,SKU-833,Online,1,735.05,0,735.05,442.37,292.68,completed,6,3
ORD-10440,2025-04-01,CUST-0168,cust84@example.com,Consumer,70,South,Books,SKU-762,Marketplace,12,735.14,0.05,8380.6,4871.38,3509.22,completed,2,3.4
ORD-10490,2025-10-09,CUST-0218,cust292@example.com,Consumer,45,North,Apparel,SKU-625,Retail,12,852.82,0.1,9210.46,4594.29,4616.17,completed,5,5
ORD-10116,2025-04-08,CUST-0197,cust84@example.com,Enterprise,45,West,Beauty,SKU-634,Wholesale,1,939.18,0.15,798.3,461.64,336.66,completed,3,4.7
ORD-10698,2025-07-20,CUST-0125,cust246@example.com,SMB,27,Central,Grocery,SKU-919,Marketplace,9,266.33,0.25,1797.73,1315,482.73,cancelled,2,4.6
ORD-10393,2025-10-07,CUST-0201,cust58@example.com,Consumer,44,West,Books,SKU-731,Retail,8,537.21,0.15,3653.03,2700.9,952.13,completed,6,4.3
ORD-10076,2025-01-29,CUST-0164,cust5@example.com,Enterprise,52,North,Grocery,SKU-260,Online,2,68.58,0,137.16,74.03,63.13,completed,2,3.3
ORD-10184,2025-09-08,CUST-0269,cust196@example.com,Consumer,41,North,Electronics,SKU-590,Wholesale,3,239.74,0,719.22,470.47,248.75,completed,3,2.8
ORD-10086,2025-10-01,CUST-0332,cust120@example.com,Enterprise,48,South,Apparel,SKU-376,Wholesale,8,273.79,0.25,1642.74,1178.92,463.82,refunded,6,3.4
ORD-10085,2025-06-03,CUST-0340,cust182@example.com,SMB,22,North,Electronics,SKU-582,Wholesale,1,810.69,0.05,770.16,454.98,315.18,refunded,6,4.4
ORD-10223,2025-09-15,CUST-0031,cust326@example.com,Consumer,51,South,Apparel,SKU-515,Online,7,265.1,0.15,1577.35,993.37,583.98,completed,5,4.7
ORD-10153,2025-02-04,CUST-0130,cust376@example.com,Consumer,68,South,Grocery,SKU-172,Marketplace,7,376,0.05,2500.4,1852.21,648.19,cancelled,4,4.6
ORD-10630,2025-01-20,CUST-0133,cust128@example.com,Enterprise,62,East,Apparel,SKU-428,Retail,8,666.29,0,5330.32,4119.14,1211.18,completed,6,4
ORD-10652,2025-07-09,CUST-0006,cust304@example.com,Consumer,69,East,Electronics,SKU-217,Wholesale,8,906.7,0.25,5440.2,4019.97,1420.23,completed,5,4
ORD-10295,2025-12-14,CUST-0191,cust283@example.com,Consumer,,East,Grocery,SKU-985,Marketplace,4,251.06,0,1004.24,477.96,526.28,completed,4,3.9
ORD-10016,2025-08-24,CUST-0079,cust345@example.com,Enterprise,53,East,Beauty,SKU-704,Retail,2,898.03,0,1796.06,1196.92,599.14,pending,5,3
ORD-10629,2025-06-07,CUST-0193,cust373@example.com,Enterprise,40,East,Sports,SKU-878,Wholesale,3,299.16,0,897.48,406.16,491.32,refunded,2,4.9
ORD-10683,2025-05-13,CUST-0275,,Consumer,44,East,Beauty,SKU-846,Retail,1,698.94,0,698.94,332.61,366.33,refunded,3,3.4
ORD-10438,2025-01-08,CUST-0018,cust86@example.com,SMB,,West,Sports,SKU-104,Wholesale,1,539.22,0,539.22,343.64,195.58,refunded,2,4.2
ORD-10197,2025-08-10,CUST-0186,cust339@example.com,Enterprise,61,Central,Grocery,SKU-730,Retail,3,270.62,0.15,690.08,320.02,370.06,completed,5,2.8
ORD-10602,2025-01-19,CUST-0249,cust290@example.com,Enterprise,62,South,Grocery,SKU-401,Wholesale,7,38.37,0.25,201.44,128.15,73.29,completed,4,3.5
ORD-10574,2025-10-25,CUST-0006,cust316@example.com,Consumer,37,North,Beauty,SKU-376,Online,10,327.72,0,3277.2,1683.61,1593.59,completed,2,3.1
ORD-10728,2025-02-05,CUST-0288,cust331@example.com,Enterprise,41,Central,Books,SKU-952,Marketplace,8,79.22,0,633.76,286.6,347.16,pending,3,4.1
ORD-10444,2025-11-03,CUST-0168,cust37@example.com,SMB,66,South,Beauty,SKU-805,Retail,8,470.47,0.05,3575.57,2219.54,1356.03,refunded,3,4.8
ORD-10303,2025-08-25,CUST-0340,cust122@example.com,SMB,33,North,Sports,SKU-163,Online,2,664.99,0,1329.98,722.61,607.37,cancelled,2,2.6
ORD-10160,2025-01-08,CUST-0266,cust383@example.com,SMB,70,West,Electronics,SKU-396,Retail,1,60.41,0,60.41,35.2,25.21,completed,4,3.5
ORD-10688,2025-06-06,CUST-0279,cust77@example.com,Enterprise,53,West,Books,SKU-988,Retail,4,472.09,0.2,1510.69,1110.37,400.32,refunded,3,3.6
ORD-10425,2025-11-06,CUST-0328,cust117@example.com,Enterprise,38,West,Home,SKU-531,Retail,2,839.04,0.2,1342.46,783.93,558.53,completed,2,4.8
ORD-10129,2025-01-22,CUST-0043,cust24@example.com,Enterprise,24,North,Books,SKU-218,Retail,3,47.43,0,142.29,66.32,75.97,pending,5,4.1
ORD-10572,2025-10-23,CUST-0217,cust394@example.com,SMB,30,East,Books,SKU-251,Marketplace,10,472.45,0.25,3543.38,1681.08,1862.3,cancelled,4,2.7
ORD-10500,2025-11-11,CUST-0181,cust302@example.com,SMB,39,Central,Home,SKU-698,Online,12,314.13,0.2,3015.65,1629.53,1386.12,refunded,4,3.1
ORD-10657,2025-10-08,CUST-0359,cust83@example.com,SMB,26,North,Home,SKU-101,Retail,7,799.36,0.25,4196.64,2542.59,1654.05,completed,5,4.6
ORD-10183,2025-05-19,CUST-0210,cust25@example.com,SMB,29,Central,Electronics,SKU-971,Wholesale,6,790.45,0.25,3557.03,2677.49,879.54,pending,6,4.6
ORD-10710,2025-01-28,CUST-0232,cust362@example.com,SMB,60,Central,Home,SKU-911,Online,6,577.47,0.25,2598.62,1528.79,1069.83,completed,4,2.9
ORD-10525,2025-12-29,CUST-0298,cust247@example.com,Consumer,32,East,Grocery,SKU-309,Marketplace,11,19.99,0,219.89,161.31,58.58,completed,6,3.8
ORD-10263,2025-03-07,CUST-0112,cust253@example.com,SMB,20,South,Grocery,SKU-883,Wholesale,11,756.81,0,8324.91,4557.76,3767.15,completed,2,3.5
ORD-10228,2025-09-30,CUST-0232,cust103@example.com,Consumer,72,South,Beauty,SKU-224,Retail,6,828.17,0.15,4223.67,3151.34,1072.33,completed,4,4.8
ORD-10147,2025-02-13,CUST-0112,,Enterprise,56,North,Grocery,SKU-651,Online,12,675.95,0,8111.4,6003.45,2107.95,cancelled,5,3.6
ORD-10249,2025-10-26,CUST-0272,cust288@example.com,SMB,61,South,Apparel,SKU-302,Retail,5,895.92,0.2,3583.68,2602.72,980.96,completed,6,3.6
ORD-10352,2025-02-15,CUST-0316,cust365@example.com,SMB,38,South,Electronics,SKU-645,Online,2,322.62,0,645.24,386.67,258.57,completed,4,5
ORD-10130,2025-02-21,CUST-0013,cust2@example.com,SMB,68,East,Home,SKU-757,Online,12,935.05,0,11220.6,8723.68,2496.92,pending,5,3.7
ORD-10092,2025-07-28,CUST-0341,cust306@example.com,Consumer,37,East,Sports,SKU-318,Wholesale,8,343.67,0.05,2611.89,1729.74,882.15,pending,4,3.3
ORD-10141,2025-02-22,CUST-0377,cust117@example.com,Consumer,40,East,Apparel,SKU-726,Online,3,61.32,0,183.96,131.4,52.56,completed,3,3.4
ORD-10220,2025-05-30,CUST-0037,,Consumer,29,Central,Sports,SKU-470,Retail,12,536.53,0.25,4828.77,2782.69,2046.08,completed,3,3.9
ORD-10758,2025-07-05,CUST-0159,,Enterprise,29,West,Electronics,SKU-298,Wholesale,8,460.49,0.2,2947.14,2148.28,798.86,pending,2,4.4
ORD-10301,2025-10-20,CUST-0059,cust16@example.com,Consumer,18,South,Electronics,SKU-857,Online,12,156.43,0.2,1501.73,975.35,526.38,pending,2,2.8
ORD-10534,2025-04-09,CUST-0346,cust341@example.com,Enterprise,31,South,Electronics,SKU-360,Retail,7,746.61,0,5226.27,3405.95,1820.32,completed,4,4.4
ORD-10082,2025-08-05,CUST-0043,cust19@example.com,Consumer,67,South,Apparel,SKU-757,Marketplace,8,67.01,0.2,428.86,287.15,141.71,cancelled,4,4.3
ORD-10553,2025-07-10,CUST-0027,cust399@example.com,SMB,29,West,Grocery,SKU-313,Retail,2,857.29,0.1,1543.12,837.47,705.65,completed,5,4.3
ORD-10189,2025-07-08,CUST-0191,cust150@example.com,SMB,36,West,Electronics,SKU-103,Wholesale,11,318.91,0.05,3332.61,1858.91,1473.7,cancelled,4,3.6
ORD-10386,2025-01-10,CUST-0290,cust180@example.com,Enterprise,59,North,Sports,SKU-770,Wholesale,11,775.81,0,8533.91,5091.36,3442.55,refunded,3,2.9
ORD-10614,2025-12-24,CUST-0218,cust65@example.com,SMB,,East,Electronics,SKU-323,Retail,1,462.19,0,462.19,237.41,224.78,completed,6,3.7
ORD-10764,2025-08-25,CUST-0283,cust125@example.com,SMB,29,South,Electronics,SKU-446,Wholesale,8,498.31,0,3986.48,2080.21,1906.27,completed,4,3.4
ORD-10542,2025-11-10,CUST-0303,,Consumer,32,Central,Books,SKU-471,Marketplace,1,198.34,0.05,188.42,92.54,95.88,pending,3,4.5
ORD-10439,2025-11-09,CUST-0167,cust87@example.com,SMB,72,East,Books,SKU-792,Marketplace,9,235.81,0.2,1697.83,1070.68,627.15,pending,2,3.5
ORD-10609,2025-04-30,CUST-0114,cust279@example.com,Consumer,51,West,Books,SKU-830,Wholesale,1,602.27,0,602.27,291.96,310.31,completed,2,4
ORD-10226,2025-06-25,CUST-0282,cust149@example.com,Consumer,45,East,Beauty,SKU-548,Marketplace,11,388.32,0,4271.52,2715.43,1556.09,cancelled,5,3.1
ORD-10395,2025-02-19,CUST-0133,cust154@example.com,Enterprise,43,West,Grocery,SKU-593,Online,5,796.01,0,3980.05,2852.62,1127.43,pending,2,2.7
ORD-10200,2025-02-01,CUST-0264,cust62@example.com,SMB,65,East,Home,SKU-441,Marketplace,5,663.3,0.1,2984.85,1862.79,1122.06,cancelled,6,3.6
ORD-10530,2025-02-10,CUST-0149,cust121@example.com,Consumer,57,East,Home,SKU-139,Retail,2,589.61,0,1179.22,846.68,332.54,cancelled,4,3.9
ORD-10128,2025-10-05,CUST-0203,cust255@example.com,Consumer,38,Central,Apparel,SKU-875,Online,5,916.76,0,4583.8,2400.6,2183.2,cancelled,3,2.9
ORD-10145,2025-05-21,CUST-0209,cust237@example.com,SMB,38,East,Sports,SKU-440,Wholesale,12,787.34,0,9448.08,5643.25,3804.83,refunded,5,4.3
ORD-10735,2025-10-02,CUST-0347,cust136@example.com,Enterprise,,North,Sports,SKU-325,Retail,5,926.71,0.25,3475.16,2334.47,1140.69,cancelled,4,4.6
ORD-10460,2025-08-29,CUST-0156,cust398@example.com,Enterprise,41,South,Beauty,SKU-295,Online,4,120.75,0.05,458.85,210.16,248.69,refunded,2,5
ORD-10390,2025-11-22,CUST-0136,cust286@example.com,SMB,48,Central,Grocery,SKU-884,Wholesale,2,409.34,0,818.68,538.69,279.99,completed,5,4.4
ORD-10325,2025-08-01,CUST-0021,cust152@example.com,Consumer,35,East,Sports,SKU-657,Online,9,749.88,0,6748.92,4471.13,2277.79,completed,5,2.8
ORD-10003,2025-10-01,CUST-0018,cust100@example.com,SMB,52,East,Electronics,SKU-478,Wholesale,5,148.9,0,744.5,347.56,396.94,pending,2,4.5
ORD-10471,2025-04-19,CUST-0292,cust210@example.com,SMB,37,West,Apparel,SKU-566,Wholesale,1,31.78,0.25,23.84,11.86,11.98,completed,4,3.4
ORD-10305,2025-06-09,CUST-0233,cust139@example.com,SMB,72,North,Grocery,SKU-391,Online,3,118.15,0.2,283.56,213.34,70.22,completed,4,4.4
ORD-10162,2025-12-09,CUST-0077,cust95@example.com,SMB,58,North,Electronics,SKU-286,Wholesale,1,101.09,0.1,90.98,49.97,41.01,completed,3,3
ORD-10648,2025-04-30,CUST-0269,cust121@example.com,Consumer,64,West,Grocery,SKU-458,Marketplace,1,604.84,0.1,544.36,410.92,133.44,completed,3,4.9
ORD-10552,2025-04-27,CUST-0162,cust212@example.com,SMB,35,West,Books,SKU-957,Retail,1,31.55,0.05,29.97,13.97,16,pending,2,3.8
ORD-10042,2025-01-31,CUST-0262,cust83@example.com,Consumer,56,North,Beauty,SKU-844,Retail,9,184.03,0.2,1325.02,1031.72,293.3,refunded,2,3.8
ORD-10679,2025-06-04,CUST-0030,cust110@example.com,Consumer,37,South,Sports,SKU-924,Wholesale,5,725.93,0,3629.65,1764.7,1864.95,completed,5,4.9
ORD-10290,2025-01-01,CUST-0270,,Consumer,27,West,Electronics,SKU-992,Marketplace,8,287.86,0.05,2187.74,1009.43,1178.31,refunded,4,3.8
ORD-10170,2025-11-05,CUST-0280,cust261@example.com,SMB,44,West,Grocery,SKU-266,Wholesale,4,945.22,0.2,3024.7,1839.4,1185.3,cancelled,2,4.8
ORD-10416,2025-02-03,CUST-0222,cust310@example.com,SMB,72,West,Apparel,SKU-504,Retail,10,39.36,0,393.6,177.85,215.75,refunded,5,3
ORD-10695,2025-10-03,CUST-0249,cust300@example.com,SMB,69,South,Sports,SKU-843,Wholesale,7,698.67,0.1,4401.62,2277.95,2123.67,completed,5,4.5
ORD-10075,2025-12-07,CUST-0192,cust123@example.com,SMB,36,East,Grocery,SKU-618,Retail,4,814.04,0,3256.16,2431.81,824.35,pending,4,4.2
ORD-10276,2025-03-02,CUST-0239,cust157@example.com,Consumer,72,East,Grocery,SKU-705,Wholesale,6,306.8,0.1,1656.72,1095.18,561.54,pending,3,4.9
ORD-10318,2025-06-10,CUST-0224,cust60@example.com,SMB,41,North,Home,SKU-614,Online,10,805.28,0.25,6039.6,3828.65,2210.95,refunded,4,3.9
ORD-10725,2025-11-28,CUST-0279,cust165@example.com,Enterprise,60,East,Apparel,SKU-879,Marketplace,1,99.25,0,99.25,53.49,45.76,completed,5,3.4
ORD-10004,2025-03-21,CUST-0004,cust5@example.com,Enterprise,21,North,Electronics,SKU-157,Wholesale,1,352.3,0,352.3,166.52,185.78,completed,4,4.3
ORD-10473,2025-04-04,CUST-0334,cust100@example.com,SMB,25,North,Home,SKU-471,Marketplace,3,536.61,0.05,1529.34,962.59,566.75,completed,6,4.3
ORD-10670,2025-08-18,CUST-0167,,Enterprise,19,West,Electronics,SKU-991,Wholesale,8,240.42,0.05,1827.19,1324.88,502.31,completed,6,4
ORD-10773,2025-05-07,CUST-0297,,Enterprise,23,Central,Electronics,SKU-981,Online,7,10.83,0.2,60.65,40.79,19.86,completed,6,4.9
ORD-10763,2025-10-31,CUST-0134,cust268@example.com,Consumer,69,Central,Grocery,SKU-707,Online,6,588.42,0,3530.52,2123.34,1407.18,completed,6,3.8
ORD-10666,2025-06-10,CUST-0189,cust205@example.com,Enterprise,58,North,Books,SKU-542,Online,3,234.7,0,704.1,362.29,341.81,pending,2,4.8
ORD-10715,2025-10-11,CUST-0313,cust248@example.com,Enterprise,64,Central,Apparel,SKU-745,Retail,10,285.17,0.2,2281.36,1038.65,1242.71,completed,3,4.5
ORD-10283,2025-09-16,CUST-0267,,SMB,38,South,Apparel,SKU-835,Wholesale,1,61.86,0.05,58.77,33.37,25.4,completed,2,4.5
ORD-10163,2025-09-05,CUST-0204,cust293@example.com,SMB,43,West,Books,SKU-371,Wholesale,9,561.05,0.15,4292.03,2696.36,1595.67,completed,5,2.6
ORD-10231,2025-04-09,CUST-0202,cust143@example.com,SMB,45,North,Electronics,SKU-219,Retail,3,700.18,0.05,1995.51,1310.85,684.66,completed,2,4.7
ORD-10179,2025-04-30,CUST-0032,cust8@example.com,SMB,37,East,Beauty,SKU-883,Wholesale,6,703.97,0.1,3801.44,1947.3,1854.14,cancelled,6,4.7
ORD-10304,2025-09-28,CUST-0287,cust195@example.com,Consumer,61,West,Electronics,SKU-988,Marketplace,8,243.35,0,1946.8,935.33,1011.47,pending,6,2.9
ORD-10765,2025-08-12,CUST-0048,cust2@example.com,Consumer,64,North,Grocery,SKU-581,Marketplace,11,826.42,0.1,8181.56,4294.2,3887.36,completed,6,4.3
ORD-10610,2025-02-07,CUST-0343,,SMB,55,Central,Beauty,SKU-637,Online,3,75.61,0,226.83,145.48,81.35,pending,5,3.6
ORD-10044,2025-09-06,CUST-0190,cust60@example.com,Enterprise,37,East,Books,SKU-229,Marketplace,1,816.6,0,816.6,581.02,235.58,completed,5,3.7
ORD-10181,2025-10-09,CUST-0277,cust262@example.com,SMB,37,South,Grocery,SKU-248,Retail,8,454.64,0.25,2727.84,1658.94,1068.9,completed,6,4.3
ORD-10078,2025-01-14,CUST-0089,cust196@example.com,SMB,61,South,Apparel,SKU-220,Online,3,412.15,0,1236.45,792.91,443.54,completed,3,4.2
ORD-10340,2025-12-13,CUST-0302,cust166@example.com,Consumer,55,West,Beauty,SKU-970,Marketplace,7,852.68,0,5968.76,4210.2,1758.56,refunded,3,3.1
ORD-10173,2025-12-27,CUST-0385,cust32@example.com,Enterprise,32,North,Electronics,SKU-803,Retail,4,383.29,0,1533.16,958.08,575.08,completed,6,2.7
ORD-10731,2025-07-29,CUST-0222,cust307@example.com,SMB,72,Central,Apparel,SKU-371,Online,5,151.94,0,759.7,543.42,216.28,completed,4,4.3
ORD-10686,2025-10-11,CUST-0025,,SMB,56,South,Beauty,SKU-183,Online,3,905.64,0.25,2037.69,1016.66,1021.03,refunded,4,3.9
ORD-10040,2025-08-31,CUST-0211,cust36@example.com,SMB,50,West,Beauty,SKU-997,Retail,9,235,0.2,1692,836.6,855.4,completed,4,4.2
ORD-10557,2025-10-07,CUST-0214,cust100@example.com,Enterprise,,West,Beauty,SKU-913,Retail,7,705.69,0.15,4198.86,2019.11,2179.75,completed,3,4.3
ORD-10722,2025-01-17,CUST-0099,cust175@example.com,Enterprise,46,East,Books,SKU-827,Retail,10,255.7,0.1,2301.3,1673.27,628.03,completed,3,4.4
ORD-10210,2025-11-27,CUST-0186,cust95@example.com,Enterprise,18,East,Electronics,SKU-448,Online,11,497.75,0.25,4106.44,2270.49,1835.95,pending,4,2.9
ORD-10341,2025-10-27,CUST-0093,cust82@example.com,Enterprise,59,East,Home,SKU-986,Online,4,212.95,0,851.8,636.18,215.62,refunded,3,3.6
ORD-10403,2025-03-07,CUST-0289,,Consumer,71,North,Beauty,SKU-557,Marketplace,2,572.58,0,1145.16,595.17,549.99,completed,6,3.7
ORD-10343,2025-06-30,CUST-0067,cust329@example.com,Consumer,68,South,Grocery,SKU-723,Retail,6,53.92,0,323.52,176.18,147.34,completed,5,3.6
ORD-10475,2025-12-27,CUST-0149,,SMB,35,East,Beauty,SKU-458,Marketplace,2,321.65,0,643.3,386.5,256.8,completed,6,2.6
ORD-10569,2025-08-04,CUST-0044,cust26@example.com,Enterprise,65,West,Electronics,SKU-971,Wholesale,11,114.17,0.25,941.9,576.71,365.19,refunded,6,4.7
ORD-10754,2025-10-11,CUST-0180,cust251@example.com,SMB,30,West,Electronics,SKU-381,Retail,12,273.95,0.25,2465.55,1818.65,646.9,refunded,3,2.8
ORD-10047,2025-11-29,CUST-0154,cust159@example.com,Consumer,,West,Beauty,SKU-552,Marketplace,2,185.22,0.1,333.4,165.08,168.32,completed,2,4.7
ORD-10594,2025-04-13,CUST-0122,cust86@example.com,SMB,55,Central,Home,SKU-422,Wholesale,2,468.02,0.2,748.83,537.01,211.82,completed,5,3.7
ORD-10154,2025-11-02,CUST-0282,cust83@example.com,SMB,68,East,Beauty,SKU-290,Wholesale,2,148.33,0.2,237.33,146.2,91.13,cancelled,6,4.2
ORD-10169,2025-04-18,CUST-0352,cust105@example.com,Enterprise,48,North,Sports,SKU-517,Wholesale,3,436.23,0,1308.69,877.14,431.55,completed,2,4.1
ORD-10350,2025-04-18,CUST-0297,cust353@example.com,Consumer,18,South,Electronics,SKU-334,Retail,9,605.36,0.1,4903.42,2881.14,2022.28,completed,6,4.6
ORD-10508,2025-08-14,CUST-0028,cust339@example.com,SMB,60,North,Sports,SKU-671,Retail,9,485.83,0,4372.47,2216.54,2155.93,completed,6,3.3
ORD-10523,2025-05-28,CUST-0388,cust33@example.com,SMB,49,South,Sports,SKU-687,Wholesale,4,170.89,0,683.56,471.11,212.45,completed,2,4.6
ORD-10477,2025-01-14,CUST-0352,cust115@example.com,SMB,23,South,Books,SKU-453,Wholesale,12,665.3,0.1,7185.24,4147.7,3037.54,completed,5,3.1
ORD-10618,2025-08-20,CUST-0388,cust28@example.com,SMB,47,North,Electronics,SKU-246,Online,8,234.43,0.2,1500.35,835.12,665.23,completed,4,3
ORD-10296,2025-02-20,CUST-0161,cust383@example.com,Enterprise,53,Central,Sports,SKU-229,Wholesale,10,848.96,0,8489.6,5974.88,2514.72,completed,2,4
ORD-10332,2025-06-16,CUST-0167,cust224@example.com,Enterprise,30,Central,Electronics,SKU-732,Online,6,29.59,0,177.54,99.44,78.1,completed,6,4.8
ORD-10415,2025-08-08,CUST-0076,cust198@example.com,SMB,66,South,Home,SKU-146,Wholesale,3,353.45,0,1060.35,635.81,424.54,completed,3,3.5
ORD-10560,2025-03-05,CUST-0070,cust238@example.com,SMB,39,West,Books,SKU-539,Online,6,530.93,0,3185.58,2354.26,831.32,pending,3,3.2
ORD-10144,2025-10-31,CUST-0312,cust208@example.com,SMB,57,North,Beauty,SKU-579,Online,3,736.95,0,2210.85,1407.29,803.56,refunded,3,3.7
ORD-10761,2025-08-28,CUST-0047,cust293@example.com,SMB,28,Central,Sports,SKU-226,Retail,5,802.33,0,4011.65,2763.42,1248.23,completed,4,3.7
ORD-10576,2025-05-01,CUST-0254,cust88@example.com,Consumer,56,Central,Electronics,SKU-477,Online,9,526.31,0,4736.79,3436.68,1300.11,cancelled,6,
ORD-10608,2025-11-05,CUST-0332,cust19@example.com,Consumer,35,East,Books,SKU-379,Retail,1,679.18,0,679.18,364.26,314.92,completed,4,4.9
ORD-10479,2025-02-03,CUST-0178,cust364@example.com,Enterprise,61,South,Books,SKU-835,Marketplace,9,217.08,0,1953.72,1418.4,535.32,pending,4,4.9
ORD-10255,2025-02-28,CUST-0399,cust290@example.com,Consumer,55,West,Grocery,SKU-565,Wholesale,12,74.57,0.1,805.36,549.87,255.49,cancelled,3,4.2
ORD-10746,2025-09-13,CUST-0110,cust25@example.com,Consumer,50,North,Home,SKU-742,Retail,9,717.01,0,6453.09,4810.64,1642.45,cancelled,5,3.3
ORD-10442,2025-06-16,CUST-0297,cust113@example.com,Enterprise,,Central,Electronics,SKU-316,Marketplace,12,797.38,0,9568.56,6800.14,2768.42,completed,2,3.9
ORD-10106,2025-11-13,CUST-0037,cust6@example.com,Enterprise,40,South,Apparel,SKU-758,Online,8,611.59,0.2,3914.18,2199.67,1714.51,cancelled,4,4.2
ORD-10665,2025-11-16,CUST-0022,cust202@example.com,SMB,31,Central,Apparel,SKU-217,Wholesale,5,939.07,0,4695.35,2530.2,2165.15,completed,2,4.2
ORD-10185,2025-09-07,CUST-0206,cust92@example.com,Enterprise,56,North,Apparel,SKU-684,Retail,2,56.76,0,113.52,62.11,51.41,refunded,3,3.3
ORD-10373,2025-09-17,CUST-0204,cust211@example.com,SMB,63,East,Electronics,SKU-165,Retail,9,289.07,0,2601.63,1919.68,681.95,pending,5,3.4
ORD-10664,2025-06-02,CUST-0190,cust199@example.com,Enterprise,23,West,Apparel,SKU-606,Online,10,710.91,0,7109.1,4010.34,3098.76,cancelled,6,3.1
ORD-10191,2025-05-25,CUST-0217,cust242@example.com,Consumer,39,West,Grocery,SKU-936,Wholesale,8,219.97,0,1759.76,1147.37,612.39,refunded,3,4.2
ORD-10126,2025-08-12,CUST-0205,cust82@example.com,Enterprise,64,East,Home,SKU-600,Marketplace,5,403.84,0,2019.2,1192.03,827.17,pending,3,3.2
ORD-10800,2025-06-05,CUST-0065,cust97@example.com,Consumer,54,South,Apparel,SKU-746,Retail,2,778.03,0.2,1244.85,777.68,467.17,completed,2,2.8
ORD-10107,2025-08-26,CUST-0259,,Consumer,50,Central,Books,SKU-753,Wholesale,5,829.71,0,4148.55,2274.44,1874.11,refunded,5,3.1
ORD-10370,2025-07-02,CUST-0210,cust221@example.com,Consumer,20,West,Books,SKU-188,Retail,12,225.91,0.05,2575.37,1727.46,847.91,completed,5,4.4
ORD-10516,2025-11-27,CUST-0119,cust49@example.com,SMB,69,East,Sports,SKU-815,Marketplace,3,297.9,0.15,759.64,519.39,240.25,refunded,2,4.9
ORD-10017,2025-12-22,CUST-0344,cust236@example.com,Consumer,56,East,Home,SKU-247,Wholesale,9,220.9,0,1988.1,1249.19,738.91,completed,3,4.5
ORD-10043,2025-07-12,CUST-0370,cust274@example.com,Consumer,62,West,Home,SKU-505,Retail,7,868.27,0,6077.89,4695.33,1382.56,refunded,5,4.1
ORD-10700,2025-09-04,CUST-0007,cust292@example.com,Enterprise,43,North,Apparel,SKU-971,Wholesale,10,237.07,0,2370.7,1075.73,1294.97,completed,2,3.6
ORD-10064,2025-11-25,CUST-0208,cust58@example.com,Consumer,46,South,Apparel,SKU-857,Online,7,225.93,0,1581.51,794.55,786.96,completed,5,4.9
ORD-10008,2025-11-24,CUST-0374,cust77@example.com,Enterprise,,West,Electronics,SKU-895,Online,3,880.54,0.2,2113.3,1145.87,967.43,completed,5,3.9
ORD-10023,2025-09-30,CUST-0018,cust111@example.com,Consumer,71,Central,Grocery,SKU-893,Marketplace,2,152.7,0.05,290.13,167.16,122.97,completed,5,3.9
ORD-10514,2025-09-17,CUST-0026,cust191@example.com,Enterprise,27,South,Apparel,SKU-124,Marketplace,10,213.4,0.15,1813.9,1265.46,548.44,refunded,2,4.7
ORD-10237,2025-01-19,CUST-0235,cust95@example.com,SMB,58,Central,Electronics,SKU-894,Online,9,943.98,0,8495.82,4600.14,3895.68,completed,3,4
ORD-10241,2025-09-13,CUST-0174,cust80@example.com,Consumer,44,Central,Sports,SKU-690,Retail,4,119.97,0.15,407.9,246.07,161.83,completed,6,4.6
ORD-10376,2025-06-25,CUST-0284,cust146@example.com,Enterprise,48,West,Home,SKU-259,Marketplace,3,21.32,0.05,60.76,31.43,29.33,refunded,3,2.8
ORD-10777,2025-11-11,CUST-0199,cust23@example.com,Consumer,63,Central,Books,SKU-140,Wholesale,6,136,0.2,652.8,408.47,244.33,refunded,3,4.2
ORD-10757,2025-04-04,CUST-0126,cust28@example.com,SMB,27,Central,Grocery,SKU-668,Wholesale,7,477.75,0,3344.25,1747.04,1597.21,completed,5,3.9
ORD-10561,2025-07-02,CUST-0070,cust257@example.com,Consumer,42,East,Electronics,SKU-259,Marketplace,2,226.15,0,452.3,267.54,184.76,completed,4,3.2
ORD-10203,2025-10-28,CUST-0133,cust364@example.com,Consumer,66,South,Grocery,SKU-401,Marketplace,3,51.14,0,153.42,71.28,82.14,completed,3,3.3
ORD-10511,2025-01-29,CUST-0341,cust222@example.com,Enterprise,37,North,Beauty,SKU-975,Wholesale,3,845.68,0,2537.04,1872.41,664.63,completed,4,4.5
ORD-10713,2025-08-18,CUST-0036,cust325@example.com,Consumer,22,Central,Home,SKU-174,Wholesale,12,201.65,0,21694.4,1567.76,852.04,refunded,2,3.8
ORD-10499,2025-04-14,CUST-0084,cust229@example.com,Consumer,52,Central,Electronics,SKU-615,Marketplace,3,389.34,0,1168.02,879.35,288.67,completed,4,4.9
ORD-10211,2025-01-07,CUST-0386,cust201@example.com,SMB,40,Central,Home,SKU-748,Marketplace,3,916.88,0,2750.64,1725.27,1025.37,pending,3,2.8
ORD-10550,2025-08-11,CUST-0216,cust351@example.com,Consumer,50,Central,Books,SKU-908,Retail,7,365.36,0.05,2429.64,1608.34,821.3,refunded,4,4.9
ORD-10384,2025-06-27,CUST-0109,cust151@example.com,Consumer,38,North,Home,SKU-374,Marketplace,8,587.38,0.25,3524.28,2035.84,1488.44,completed,2,3
ORD-10329,2025-08-30,CUST-0295,cust6@example.com,Enterprise,44,Central,Beauty,SKU-464,Retail,6,335.1,0,2010.6,1280.52,730.08,refunded,2,4.4
ORD-10684,2025-01-09,CUST-0381,cust102@example.com,Enterprise,49,South,Electronics,SKU-717,Marketplace,4,826.75,0.2,2645.6,1998.79,646.81,completed,3,2.6
ORD-10006,2025-09-17,CUST-0269,cust87@example.com,Enterprise,26,South,Beauty,SKU-990,Wholesale,2,105.61,0.05,200.66,112.36,88.3,completed,2,4.4
ORD-10680,2025-06-13,CUST-0119,cust245@example.com,Consumer,57,North,Electronics,SKU-609,Wholesale,3,717.42,0.2,1721.81,890.75,831.06,completed,4,2.7
ORD-10741,2025-05-02,CUST-0284,cust149@example.com,Consumer,44,Central,Apparel,SKU-909,Retail,1,248.35,0.25,186.26,103.05,83.21,pending,2,4.2
ORD-10554,2025-08-24,CUST-0112,cust204@example.com,Enterprise,23,North,Apparel,SKU-428,Online,5,862.45,0.2,3449.8,1671.77,1778.03,completed,5,3.9
ORD-10658,2025-02-03,CUST-0222,cust111@example.com,Enterprise,43,West,Electronics,SKU-565,Retail,5,746.42,0,3732.1,1835.63,1896.47,refunded,4,2.9
ORD-10659,2025-04-28,CUST-0276,cust63@example.com,SMB,37,East,Books,SKU-561,Marketplace,6,802.2,0.2,3850.56,2086.04,1764.52,completed,5,2.8
